{"v":"5.7.3","fr":30,"ip":0,"op":480,"w":671,"h":640,"nm":"support","ddd":0,"assets":[],"layers":[{"ddd":0,"ind":1,"ty":4,"nm":"Shape Layer 1","sr":1,"ks":{"o":{"a":0,"k":100,"ix":11},"r":{"a":0,"k":0,"ix":10},"p":{"a":0,"k":[335.5,320,0],"ix":2},"a":{"a":0,"k":[0,0,0],"ix":1},"s":{"a":0,"k":[100,100,100],"ix":6}},"ao":0,"ef":[{"ty":21,"nm":"Fill","np":9,"mn":"ADBE Fill","ix":1,"en":1,"ef":[{"ty":10,"nm":"Fill Mask","mn":"ADBE Fill-0001","ix":1,"v":{"a":0,"k":0,"ix":1}},{"ty":7,"nm":"All Masks","mn":"ADBE Fill-0007","ix":2,"v":{"a":0,"k":0,"ix":2}},{"ty":2,"nm":"Color","mn":"ADBE Fill-0002","ix":3,"v":{"a":0,"k":[1,0.811920166016,0.281982421875,1],"ix":3}},{"ty":7,"nm":"Invert","mn":"ADBE Fill-0006","ix":4,"v":{"a":0,"k":0,"ix":4}},{"ty":0,"nm":"Horizontal Feather","mn":"ADBE Fill-0003","ix":5,"v":{"a":0,"k":0,"ix":5}},{"ty":0,"nm":"Vertical Feather","mn":"ADBE Fill-0004","ix":6,"v":{"a":0,"k":0,"ix":6}},{"ty":0,"nm":"Opacity","mn":"ADBE Fill-0005","ix":7,"v":{"a":0,"k":1,"ix":7}}]}],"shapes":[{"ty":"gr","it":[{"ind":0,"ty":"sh","ix":1,"ks":{"a":0,"k":{"i":[[0,0],[10,45],[-20,11.5],[52.5,-38.5],[33,18],[0,0]],"o":[[0,0],[-10,-45],[20,-11.5],[-52.5,38.5],[-33,-18],[0,0]],"v":[[-50.5,-33.5],[-106.5,-102],[-78,-194.5],[-70.5,-133],[-205.5,-115],[-257.5,-157]],"c":false},"ix":2},"nm":"Path 1","mn":"ADBE Vector Shape - Group","hd":false},{"ty":"st","c":{"a":0,"k":[0.481994628906,0.058990478516,0.560974121094,1],"ix":3},"o":{"a":0,"k":100,"ix":4},"w":{"a":0,"k":2,"ix":5},"lc":2,"lj":3,"bm":0,"d":[{"n":"d","nm":"dash","v":{"a":0,"k":10,"ix":1}},{"n":"o","nm":"offset","v":{"a":0,"k":0,"ix":7}}],"nm":"Stroke 1","mn":"ADBE Vector Graphic - Stroke","hd":false},{"ty":"tr","p":{"a":0,"k":[0,0],"ix":2},"a":{"a":0,"k":[0,0],"ix":1},"s":{"a":0,"k":[100,100],"ix":3},"r":{"a":0,"k":0,"ix":6},"o":{"a":0,"k":100,"ix":7},"sk":{"a":0,"k":0,"ix":4},"sa":{"a":0,"k":0,"ix":5},"nm":"Transform"}],"nm":"Shape 1","np":3,"cix":2,"bm":0,"ix":1,"mn":"ADBE Vector Group","hd":false}],"ip":0,"op":480,"st":0,"bm":0},{"ddd":0,"ind":2,"ty":4,"nm":"body","sr":1,"ks":{"o":{"a":0,"k":100,"ix":11},"r":{"a":0,"k":0,"ix":10},"p":{"a":0,"k":[367.516,326.883,0],"ix":2},"a":{"a":0,"k":[173.021,198.997,0],"ix":1},"s":{"a":0,"k":[100,100,100],"ix":6}},"ao":0,"shapes":[{"ty":"gr","it":[{"ind":0,"ty":"sh","ix":1,"ks":{"a":0,"k":{"i":[[6.168,0],[0.786,-0.175],[0,-0.343],[4.829,-0.029],[0,-0.368],[-6.168,0],[0,6.168]],"o":[[-0.84,0],[0.038,0.333],[0,4.837],[-0.035,0.36],[0,6.168],[6.168,0],[0,-6.168]],"v":[[0,-11.169],[-2.44,-10.893],[-2.378,-9.88],[-11.113,-1.092],[-11.169,0],[0,11.169],[11.169,0]],"c":true},"ix":2},"nm":"Path 1","mn":"ADBE Vector Shape - Group","hd":false},{"ty":"fl","c":{"a":0,"k":[0.819999964097,0.827000038297,0.830999995213,1],"ix":4},"o":{"a":0,"k":100,"ix":5},"r":1,"bm":0,"nm":"Fill 1","mn":"ADBE Vector Graphic - Fill","hd":false},{"ty":"tr","p":{"a":0,"k":[166.444,271.534],"ix":2},"a":{"a":0,"k":[0,0],"ix":1},"s":{"a":0,"k":[100,100],"ix":3},"r":{"a":0,"k":0,"ix":6},"o":{"a":0,"k":100,"ix":7},"sk":{"a":0,"k":0,"ix":4},"sa":{"a":0,"k":0,"ix":5},"nm":"Transform"}],"nm":"Group 1","np":2,"cix":2,"bm":0,"ix":1,"mn":"ADBE Vector Group","hd":false},{"ty":"gr","it":[{"ind":0,"ty":"sh","ix":1,"ks":{"a":0,"k":{"i":[[1.495,0],[0,0],[0,1.494],[0,0],[-1.494,0],[0,0],[0,-1.494],[0,0]],"o":[[0,0],[-1.494,0],[0,0],[0,-1.494],[0,0],[1.495,0],[0,0],[0,1.494]],"v":[[68.323,4.013],[-68.323,4.013],[-71.029,1.307],[-71.029,-1.306],[-68.323,-4.012],[68.323,-4.012],[71.029,-1.306],[71.029,1.307]],"c":true},"ix":2},"nm":"Path 1","mn":"ADBE Vector Shape - Group","hd":false},{"ty":"fl","c":{"a":0,"k":[0.819999964097,0.827000038297,0.830999995213,1],"ix":4},"o":{"a":0,"k":100,"ix":5},"r":1,"bm":0,"nm":"Fill 1","mn":"ADBE Vector Graphic - Fill","hd":false},{"ty":"tr","p":{"a":0,"k":[166.444,322.456],"ix":2},"a":{"a":0,"k":[0,0],"ix":1},"s":{"a":0,"k":[100,100],"ix":3},"r":{"a":0,"k":0,"ix":6},"o":{"a":0,"k":100,"ix":7},"sk":{"a":0,"k":0,"ix":4},"sa":{"a":0,"k":0,"ix":5},"nm":"Transform"}],"nm":"Group 2","np":2,"cix":2,"bm":0,"ix":2,"mn":"ADBE Vector Group","hd":false},{"ty":"gr","it":[{"ind":0,"ty":"sh","ix":1,"ks":{"a":0,"k":{"i":[[0,-5.293],[0,0],[0,0],[0,0],[0,0],[-5.281,0],[0,0]],"o":[[0,0],[0,0],[0,0],[0,0],[0,-5.293],[0,0],[5.281,0]],"v":[[79.113,-37.658],[68.336,47.236],[-68.335,47.236],[-69.94,34.587],[-79.113,-37.658],[-69.548,-47.235],[69.549,-47.235]],"c":true},"ix":2},"nm":"Path 1","mn":"ADBE Vector Shape - Group","hd":false},{"ty":"fl","c":{"a":0,"k":[0.902000038297,0.905999995213,0.910000011968,1],"ix":4},"o":{"a":0,"k":100,"ix":5},"r":1,"bm":0,"nm":"Fill 1","mn":"ADBE Vector Graphic - Fill","hd":false},{"ty":"tr","p":{"a":0,"k":[166.445,271.206],"ix":2},"a":{"a":0,"k":[0,0],"ix":1},"s":{"a":0,"k":[100,100],"ix":3},"r":{"a":0,"k":0,"ix":6},"o":{"a":0,"k":100,"ix":7},"sk":{"a":0,"k":0,"ix":4},"sa":{"a":0,"k":0,"ix":5},"nm":"Transform"}],"nm":"Group 3","np":2,"cix":2,"bm":0,"ix":3,"mn":"ADBE Vector Group","hd":false},{"ty":"gr","it":[{"ind":0,"ty":"sh","ix":1,"ks":{"a":0,"k":{"i":[[0,0],[-4.165,-4.998],[2.915,-0.703],[31.053,5.462]],"o":[[0,0],[4.165,4.999],[-2.916,0.703],[0,0]],"v":[[-9.725,-17.158],[14.789,-8.011],[17.288,11.696],[-20.203,11.696]],"c":true},"ix":2},"nm":"Path 1","mn":"ADBE Vector Shape - Group","hd":false},{"ty":"fl","c":{"a":0,"k":[0.957000014361,0.827000038297,0.493999974868,1],"ix":4},"o":{"a":0,"k":100,"ix":5},"r":1,"bm":0,"nm":"Fill 1","mn":"ADBE Vector Graphic - Fill","hd":false},{"ty":"tr","p":{"a":0,"k":[272.691,374.284],"ix":2},"a":{"a":0,"k":[0,0],"ix":1},"s":{"a":0,"k":[100,100],"ix":3},"r":{"a":0,"k":0,"ix":6},"o":{"a":0,"k":100,"ix":7},"sk":{"a":0,"k":0,"ix":4},"sa":{"a":0,"k":0,"ix":5},"nm":"Transform"}],"nm":"Group 4","np":2,"cix":2,"bm":0,"ix":4,"mn":"ADBE Vector Group","hd":false},{"ty":"gr","it":[{"ind":0,"ty":"sh","ix":1,"ks":{"a":0,"k":{"i":[[0,0],[-11.418,-4.567],[7.799,-1.386],[7.152,6.809]],"o":[[0,0],[11.419,4.568],[-5.707,1.015],[0,0]],"v":[[-31.972,-19.31],[31.031,-11.328],[19.165,18.294],[-42.45,9.544]],"c":true},"ix":2},"nm":"Path 1","mn":"ADBE Vector Shape - Group","hd":false},{"ty":"fl","c":{"a":0,"k":[0.136999990426,0.136999990426,0.136999990426,1],"ix":4},"o":{"a":0,"k":100,"ix":5},"r":1,"bm":0,"nm":"Fill 1","mn":"ADBE Vector Graphic - Fill","hd":false},{"ty":"tr","p":{"a":0,"k":[294.938,376.435],"ix":2},"a":{"a":0,"k":[0,0],"ix":1},"s":{"a":0,"k":[100,100],"ix":3},"r":{"a":0,"k":0,"ix":6},"o":{"a":0,"k":100,"ix":7},"sk":{"a":0,"k":0,"ix":4},"sa":{"a":0,"k":0,"ix":5},"nm":"Transform"}],"nm":"Group 5","np":2,"cix":2,"bm":0,"ix":5,"mn":"ADBE Vector Group","hd":false},{"ty":"gr","it":[{"ind":0,"ty":"sh","ix":1,"ks":{"a":0,"k":{"i":[[0,0],[0,0],[0,0],[0.348,11.635],[-19.484,-5.183]],"o":[[0,0],[0,0],[-19.746,-4.075],[-0.482,-16.092],[0,0]],"v":[[131.358,23.54],[120.88,52.394],[-87.97,15.659],[-130.876,-15.744],[-88.573,-47.211]],"c":true},"ix":2},"nm":"Path 1","mn":"ADBE Vector Shape - Group","hd":false},{"ty":"fl","c":{"a":0,"k":[0.128999986836,0.458999992819,0.984000052658,1],"ix":4},"o":{"a":0,"k":100,"ix":5},"r":1,"bm":0,"nm":"Fill 1","mn":"ADBE Vector Graphic - Fill","hd":false},{"ty":"tr","p":{"a":0,"k":[131.608,333.586],"ix":2},"a":{"a":0,"k":[0,0],"ix":1},"s":{"a":0,"k":[100,100],"ix":3},"r":{"a":0,"k":0,"ix":6},"o":{"a":0,"k":100,"ix":7},"sk":{"a":0,"k":0,"ix":4},"sa":{"a":0,"k":0,"ix":5},"nm":"Transform"}],"nm":"Group 6","np":2,"cix":2,"bm":0,"ix":6,"mn":"ADBE Vector Group","hd":false},{"ty":"gr","it":[{"ind":0,"ty":"sh","ix":1,"ks":{"a":0,"k":{"i":[[1.058,4.93],[0,0],[9.549,-3.123],[0,0],[0,0],[0,0],[0,0],[0,0],[0,0]],"o":[[0,0],[-7.253,1.911],[0,0],[0,0],[0,0],[0,0],[0,0],[0,0],[4.22,-2.748]],"v":[[34.616,-1.633],[25.066,-46.152],[-8.561,-36.627],[0.355,-5.284],[-9.335,3.801],[-35.673,28.473],[-24.562,46.151],[-5.684,33.88],[29.363,11.117]],"c":true},"ix":2},"nm":"Path 1","mn":"ADBE Vector Shape - Group","hd":false},{"ty":"fl","c":{"a":0,"k":[0.957000014361,0.827000038297,0.493999974868,1],"ix":4},"o":{"a":0,"k":100,"ix":5},"r":1,"bm":0,"nm":"Fill 1","mn":"ADBE Vector Graphic - Fill","hd":false},{"ty":"tr","p":{"a":0,"k":[244.585,270.47],"ix":2},"a":{"a":0,"k":[0,0],"ix":1},"s":{"a":0,"k":[100,100],"ix":3},"r":{"a":0,"k":0,"ix":6},"o":{"a":0,"k":100,"ix":7},"sk":{"a":0,"k":0,"ix":4},"sa":{"a":0,"k":0,"ix":5},"nm":"Transform"}],"nm":"Group 7","np":2,"cix":2,"bm":0,"ix":7,"mn":"ADBE Vector Group","hd":false},{"ty":"gr","it":[{"ind":0,"ty":"sh","ix":1,"ks":{"a":0,"k":{"i":[[0,0],[0,0],[0,0],[0,0],[6.801,0.697],[0,0],[-4.27,-2.67],[0,0],[0,0],[0,0]],"o":[[0,0],[0,0],[0,0],[-10.065,-1.742],[0,0],[-0.968,4.942],[0,0],[0,0],[0,0],[0,0]],"v":[[14.731,6.085],[12.226,3.814],[-0.729,-7.891],[7.452,-38.744],[-27.196,-43.08],[-34.924,-3.619],[-29.441,9.026],[11.298,34.461],[25.106,43.08],[35.893,25.208]],"c":true},"ix":2},"nm":"Path 1","mn":"ADBE Vector Shape - Group","hd":false},{"ty":"fl","c":{"a":0,"k":[0.957000014361,0.827000038297,0.493999974868,1],"ix":4},"o":{"a":0,"k":100,"ix":5},"r":1,"bm":0,"nm":"Fill 1","mn":"ADBE Vector Graphic - Fill","hd":false},{"ty":"tr","p":{"a":0,"k":[89.685,273.09],"ix":2},"a":{"a":0,"k":[0,0],"ix":1},"s":{"a":0,"k":[100,100],"ix":3},"r":{"a":0,"k":0,"ix":6},"o":{"a":0,"k":100,"ix":7},"sk":{"a":0,"k":0,"ix":4},"sa":{"a":0,"k":0,"ix":5},"nm":"Transform"}],"nm":"Group 8","np":2,"cix":2,"bm":0,"ix":8,"mn":"ADBE Vector Group","hd":false},{"ty":"gr","it":[{"ind":0,"ty":"sh","ix":1,"ks":{"a":0,"k":{"i":[[0,0],[0,0],[0,0],[4.394,15.488],[19.411,-5.453]],"o":[[0,0],[0,0],[19.688,-4.347],[-5.333,-18.796],[0,0]],"v":[[-133.266,24.115],[-122.391,52.822],[79.479,15.857],[128.872,-22.019],[88.747,-47.369]],"c":true},"ix":2},"nm":"Path 1","mn":"ADBE Vector Shape - Group","hd":false},{"ty":"fl","c":{"a":0,"k":[0.043000000598,0.325,1,1],"ix":4},"o":{"a":0,"k":100,"ix":5},"r":1,"bm":0,"nm":"Fill 1","mn":"ADBE Vector Graphic - Fill","hd":false},{"ty":"tr","p":{"a":0,"k":[212.527,333.404],"ix":2},"a":{"a":0,"k":[0,0],"ix":1},"s":{"a":0,"k":[100,100],"ix":3},"r":{"a":0,"k":0,"ix":6},"o":{"a":0,"k":100,"ix":7},"sk":{"a":0,"k":0,"ix":4},"sa":{"a":0,"k":0,"ix":5},"nm":"Transform"}],"nm":"Group 9","np":2,"cix":2,"bm":0,"ix":9,"mn":"ADBE Vector Group","hd":false},{"ty":"gr","it":[{"ind":0,"ty":"sh","ix":1,"ks":{"a":0,"k":{"i":[[0,0],[3.961,-5.162],[-2.941,-0.586],[-30.807,6.702]],"o":[[0,0],[-3.961,5.161],[2.942,0.584],[0,0]],"v":[[9.676,-17.339],[-15.551,-7.651],[-17.26,12.139],[20.201,10.637]],"c":true},"ix":2},"nm":"Path 1","mn":"ADBE Vector Shape - Group","hd":false},{"ty":"fl","c":{"a":0,"k":[0.957000014361,0.827000038297,0.493999974868,1],"ix":4},"o":{"a":0,"k":100,"ix":5},"r":1,"bm":0,"nm":"Fill 1","mn":"ADBE Vector Graphic - Fill","hd":false},{"ty":"tr","p":{"a":0,"k":[70.142,375.11],"ix":2},"a":{"a":0,"k":[0,0],"ix":1},"s":{"a":0,"k":[100,100],"ix":3},"r":{"a":0,"k":0,"ix":6},"o":{"a":0,"k":100,"ix":7},"sk":{"a":0,"k":0,"ix":4},"sa":{"a":0,"k":0,"ix":5},"nm":"Transform"}],"nm":"Group 10","np":2,"cix":2,"bm":0,"ix":10,"mn":"ADBE Vector Group","hd":false},{"ty":"gr","it":[{"ind":0,"ty":"sh","ix":1,"ks":{"a":0,"k":{"i":[[0,0],[11.226,-5.021],[-7.849,-1.073],[-6.872,7.089]],"o":[[0,0],[-11.227,5.022],[5.744,0.785],[0,0]],"v":[[30.469,-19.986],[-29.766,-12.338],[-20.219,19.201],[40.993,7.989]],"c":true},"ix":2},"nm":"Path 1","mn":"ADBE Vector Shape - Group","hd":false},{"ty":"fl","c":{"a":0,"k":[0.136999990426,0.136999990426,0.136999990426,1],"ix":4},"o":{"a":0,"k":100,"ix":5},"r":1,"bm":0,"nm":"Fill 1","mn":"ADBE Vector Graphic - Fill","hd":false},{"ty":"tr","p":{"a":0,"k":[49.349,377.757],"ix":2},"a":{"a":0,"k":[0,0],"ix":1},"s":{"a":0,"k":[100,100],"ix":3},"r":{"a":0,"k":0,"ix":6},"o":{"a":0,"k":100,"ix":7},"sk":{"a":0,"k":0,"ix":4},"sa":{"a":0,"k":0,"ix":5},"nm":"Transform"}],"nm":"Group 11","np":2,"cix":2,"bm":0,"ix":11,"mn":"ADBE Vector Group","hd":false},{"ty":"gr","it":[{"ind":0,"ty":"sh","ix":1,"ks":{"a":0,"k":{"i":[[0,0],[0,0],[0,0],[0,0],[0,0],[0,0]],"o":[[0,0],[0,0],[0,0],[0,0],[0,0],[0,0]],"v":[[4.078,14.457],[-1.122,36.704],[-4.078,49.35],[-3.626,34.433],[-2.401,-6.821],[4.078,-49.35]],"c":true},"ix":2},"nm":"Path 1","mn":"ADBE Vector Shape - Group","hd":false},{"ty":"fl","c":{"a":0,"k":[0.102000000898,0.030999998953,0.270999983245,1],"ix":4},"o":{"a":0,"k":100,"ix":5},"r":1,"bm":0,"nm":"Fill 1","mn":"ADBE Vector Graphic - Fill","hd":false},{"ty":"tr","p":{"a":0,"k":[105.538,242.471],"ix":2},"a":{"a":0,"k":[0,0],"ix":1},"s":{"a":0,"k":[100,100],"ix":3},"r":{"a":0,"k":0,"ix":6},"o":{"a":0,"k":100,"ix":7},"sk":{"a":0,"k":0,"ix":4},"sa":{"a":0,"k":0,"ix":5},"nm":"Transform"}],"nm":"Group 12","np":2,"cix":2,"bm":0,"ix":12,"mn":"ADBE Vector Group","hd":false},{"ty":"gr","it":[{"ind":0,"ty":"sh","ix":1,"ks":{"a":0,"k":{"i":[[0,0],[0,0],[0,0],[0,0]],"o":[[0,0],[0,0],[0,0],[0,0]],"v":[[-5.827,-34.564],[3.893,4.346],[5.827,34.565],[-5.827,2.908]],"c":true},"ix":2},"nm":"Path 1","mn":"ADBE Vector Shape - Group","hd":false},{"ty":"fl","c":{"a":0,"k":[0.102000000898,0.030999998953,0.270999983245,1],"ix":4},"o":{"a":0,"k":100,"ix":5},"r":1,"bm":0,"nm":"Fill 1","mn":"ADBE Vector Graphic - Fill","hd":false},{"ty":"tr","p":{"a":0,"k":[228.849,230.621],"ix":2},"a":{"a":0,"k":[0,0],"ix":1},"s":{"a":0,"k":[100,100],"ix":3},"r":{"a":0,"k":0,"ix":6},"o":{"a":0,"k":100,"ix":7},"sk":{"a":0,"k":0,"ix":4},"sa":{"a":0,"k":0,"ix":5},"nm":"Transform"}],"nm":"Group 13","np":2,"cix":2,"bm":0,"ix":13,"mn":"ADBE Vector Group","hd":false},{"ty":"gr","it":[{"ind":0,"ty":"sh","ix":1,"ks":{"a":0,"k":{"i":[[9.549,-3.123],[0.955,-0.348],[-0.658,-11.433],[0,0],[-0.194,-2.825],[-0.361,-2.452],[-0.684,-5.846],[0,0],[0,0],[0,0],[0,0],[0,0],[0,0],[2.646,0.452],[6.801,0.697],[0,0],[-9.395,10.104],[-23.408,5.252],[-4.349,-7.613],[-4.633,20.582],[0,0],[-9.304,-11.11],[0,0],[2.181,-0.581]],"o":[[-1.227,0.399],[0.568,5.239],[0,0],[0.181,3.174],[0.347,5.175],[1.059,6.026],[1.717,14.774],[-2.852,-0.078],[0,0],[0,0],[0,0],[0,0],[-1.239,-0.413],[-10.064,-1.742],[-1.729,-0.181],[0,0],[17.085,-10.749],[0,0],[10.491,18.298],[1.11,-4.929],[0,0],[7.278,12.298],[0,0],[-7.253,1.91]],"v":[[69.579,0.316],[66.301,1.438],[68.159,30.357],[68.236,31.66],[68.805,40.745],[69.862,52.706],[72.456,70.824],[74.792,97.883],[-66.172,97.883],[-65.462,74.024],[-64.984,58.294],[-64.533,43.378],[-63.307,2.124],[-69.308,0.82],[-103.955,-3.516],[-106.703,-3.8],[-82.03,-77.688],[-23.795,-97.883],[-20.904,-81.43],[28.905,-86.967],[28.737,-97.87],[86.044,-76.799],[106.703,-10.123],[103.207,-9.206]],"c":true},"ix":2},"nm":"Path 1","mn":"ADBE Vector Shape - Group","hd":false},{"ty":"fl","c":{"a":0,"k":[0.219999994016,0.059000000299,0.560999971278,1],"ix":4},"o":{"a":0,"k":100,"ix":5},"r":1,"bm":0,"nm":"Fill 1","mn":"ADBE Vector Graphic - Fill","hd":false},{"ty":"tr","p":{"a":0,"k":[166.445,233.526],"ix":2},"a":{"a":0,"k":[0,0],"ix":1},"s":{"a":0,"k":[100,100],"ix":3},"r":{"a":0,"k":0,"ix":6},"o":{"a":0,"k":100,"ix":7},"sk":{"a":0,"k":0,"ix":4},"sa":{"a":0,"k":0,"ix":5},"nm":"Transform"}],"nm":"Group 14","np":2,"cix":2,"bm":0,"ix":14,"mn":"ADBE Vector Group","hd":false}],"ip":0,"op":480,"st":0,"bm":0},{"ddd":0,"ind":3,"ty":4,"nm":"head","sr":1,"ks":{"o":{"a":0,"k":100,"ix":11},"r":{"a":1,"k":[{"i":{"x":[0.738],"y":[1]},"o":{"x":[0.224],"y":[0]},"t":0,"s":[5]},{"t":60,"s":[-5]}],"ix":10,"x":"var $bm_rt;\n$bm_rt = loopOut('pingpong');"},"p":{"a":0,"k":[363.516,266.883,0],"ix":2},"a":{"a":0,"k":[169.021,138.997,0],"ix":1},"s":{"a":0,"k":[100,100,100],"ix":6}},"ao":0,"shapes":[{"ty":"gr","it":[{"ind":0,"ty":"sh","ix":1,"ks":{"a":0,"k":{"i":[[-31.306,-2.439],[17.923,-0.026],[0,0]],"o":[[0,0],[-17.923,0.026],[0,0]],"v":[[22.267,-4.657],[1.239,5.544],[-22.267,7.096]],"c":true},"ix":2},"nm":"Path 1","mn":"ADBE Vector Shape - Group","hd":false},{"ty":"fl","c":{"a":0,"k":[0.136999990426,0.136999990426,0.136999990426,1],"ix":4},"o":{"a":0,"k":100,"ix":5},"r":1,"bm":0,"nm":"Fill 1","mn":"ADBE Vector Graphic - Fill","hd":false},{"ty":"tr","p":{"a":0,"k":[157.364,8.237],"ix":2},"a":{"a":0,"k":[0,0],"ix":1},"s":{"a":0,"k":[100,100],"ix":3},"r":{"a":0,"k":0,"ix":6},"o":{"a":0,"k":100,"ix":7},"sk":{"a":0,"k":0,"ix":4},"sa":{"a":0,"k":0,"ix":5},"nm":"Transform"}],"nm":"Group 15","np":2,"cix":2,"bm":0,"ix":1,"mn":"ADBE Vector Group","hd":false},{"ty":"gr","it":[{"ind":0,"ty":"sh","ix":1,"ks":{"a":0,"k":{"i":[[-2.84,-0.301],[0,0],[-0.59,5.059],[0,0],[5.307,0.563],[0,0],[0.315,-2.708],[0,0]],"o":[[0,0],[5.306,0.563],[0,0],[0.59,-5.06],[0,0],[-2.839,-0.301],[0,0],[-0.316,2.707]],"v":[[-6.811,19.91],[-2.166,20.403],[8.51,12.261],[11.107,-9.992],[2.567,-20.173],[-2.078,-20.665],[-7.79,-16.308],[-11.381,14.463]],"c":true},"ix":2},"nm":"Path 1","mn":"ADBE Vector Shape - Group","hd":false},{"ty":"fl","c":{"a":0,"k":[0.501999978458,0.510000011968,0.522000002394,1],"ix":4},"o":{"a":0,"k":100,"ix":5},"r":1,"bm":0,"nm":"Fill 1","mn":"ADBE Vector Graphic - Fill","hd":false},{"ty":"tr","p":{"a":0,"k":[218.096,65.673],"ix":2},"a":{"a":0,"k":[0,0],"ix":1},"s":{"a":0,"k":[100,100],"ix":3},"r":{"a":0,"k":0,"ix":6},"o":{"a":0,"k":100,"ix":7},"sk":{"a":0,"k":0,"ix":4},"sa":{"a":0,"k":0,"ix":5},"nm":"Transform"}],"nm":"Group 16","np":2,"cix":2,"bm":0,"ix":2,"mn":"ADBE Vector Group","hd":false},{"ty":"gr","it":[{"ind":0,"ty":"sh","ix":1,"ks":{"a":0,"k":{"i":[[2.84,-0.301],[0,0],[0.591,5.059],[0,0],[-5.307,0.563],[0,0],[-0.315,-2.708],[0,0]],"o":[[0,0],[-5.306,0.563],[0,0],[-0.591,-5.06],[0,0],[2.838,-0.301],[0,0],[0.317,2.707]],"v":[[6.812,19.91],[2.166,20.403],[-8.511,12.261],[-11.106,-9.992],[-2.567,-20.173],[2.079,-20.665],[7.79,-16.308],[11.38,14.463]],"c":true},"ix":2},"nm":"Path 1","mn":"ADBE Vector Shape - Group","hd":false},{"ty":"fl","c":{"a":0,"k":[0.501999978458,0.510000011968,0.522000002394,1],"ix":4},"o":{"a":0,"k":100,"ix":5},"r":1,"bm":0,"nm":"Fill 1","mn":"ADBE Vector Graphic - Fill","hd":false},{"ty":"tr","p":{"a":0,"k":[118.268,65.673],"ix":2},"a":{"a":0,"k":[0,0],"ix":1},"s":{"a":0,"k":[100,100],"ix":3},"r":{"a":0,"k":0,"ix":6},"o":{"a":0,"k":100,"ix":7},"sk":{"a":0,"k":0,"ix":4},"sa":{"a":0,"k":0,"ix":5},"nm":"Transform"}],"nm":"Group 17","np":2,"cix":2,"bm":0,"ix":3,"mn":"ADBE Vector Group","hd":false},{"ty":"gr","it":[{"ind":0,"ty":"sh","ix":1,"ks":{"a":0,"k":{"i":[[0,0],[0,2.329],[-25.018,0],[0,-22.977],[0.402,-2.225],[0,0],[0.449,4.414],[31.664,0],[0,-22.716],[-1.24,-4.071]],"o":[[-0.402,-2.225],[0,-22.977],[25.017,0],[0,2.329],[0,0],[1.235,-4.072],[-2.194,-21.553],[-28.6,0],[0,4.434],[0,0]],"v":[[-45.183,27.59],[-45.804,20.755],[-0.505,-16.973],[44.794,20.755],[44.171,27.59],[49.369,27.59],[51.279,14.798],[-0.505,-27.59],[-51.729,17.605],[-50.377,27.59]],"c":true},"ix":2},"nm":"Path 1","mn":"ADBE Vector Shape - Group","hd":false},{"ty":"fl","c":{"a":0,"k":[0.501999978458,0.510000011968,0.522000002394,1],"ix":4},"o":{"a":0,"k":100,"ix":5},"r":1,"bm":0,"nm":"Fill 1","mn":"ADBE Vector Graphic - Fill","hd":false},{"ty":"tr","p":{"a":0,"k":[168.247,33.075],"ix":2},"a":{"a":0,"k":[0,0],"ix":1},"s":{"a":0,"k":[100,100],"ix":3},"r":{"a":0,"k":0,"ix":6},"o":{"a":0,"k":100,"ix":7},"sk":{"a":0,"k":0,"ix":4},"sa":{"a":0,"k":0,"ix":5},"nm":"Transform"}],"nm":"Group 18","np":2,"cix":2,"bm":0,"ix":4,"mn":"ADBE Vector Group","hd":false},{"ty":"gr","it":[{"ind":0,"ty":"sh","ix":1,"ks":{"a":0,"k":{"i":[[0,0],[-14.615,0.026]],"o":[[0,0],[0,0]],"v":[[7.308,-11.699],[7.308,11.673]],"c":true},"ix":2},"nm":"Path 1","mn":"ADBE Vector Shape - Group","hd":false},{"ty":"fl","c":{"a":0,"k":[0.870999983245,0.705999995213,0.286000001197,1],"ix":4},"o":{"a":0,"k":100,"ix":5},"r":1,"bm":0,"nm":"Fill 1","mn":"ADBE Vector Graphic - Fill","hd":false},{"ty":"tr","p":{"a":0,"k":[160.874,74.461],"ix":2},"a":{"a":0,"k":[0,0],"ix":1},"s":{"a":0,"k":[100,100],"ix":3},"r":{"a":0,"k":0,"ix":6},"o":{"a":0,"k":100,"ix":7},"sk":{"a":0,"k":0,"ix":4},"sa":{"a":0,"k":0,"ix":5},"nm":"Transform"}],"nm":"Group 19","np":2,"cix":2,"bm":0,"ix":5,"mn":"ADBE Vector Group","hd":false},{"ty":"gr","it":[{"ind":0,"ty":"sh","ix":1,"ks":{"a":0,"k":{"i":[[0.967,4.108],[0,0],[8.047,0]],"o":[[0,0],[0,0],[-8.047,0]],"v":[[-11.449,-4.954],[11.449,-4.954],[0.928,4.954]],"c":true},"ix":2},"nm":"Path 1","mn":"ADBE Vector Shape - Group","hd":false},{"ty":"fl","c":{"a":0,"k":[1,1,1,1],"ix":4},"o":{"a":0,"k":100,"ix":5},"r":1,"bm":0,"nm":"Fill 1","mn":"ADBE Vector Graphic - Fill","hd":false},{"ty":"tr","p":{"a":0,"k":[168.182,101.35],"ix":2},"a":{"a":0,"k":[0,0],"ix":1},"s":{"a":0,"k":[100,100],"ix":3},"r":{"a":0,"k":0,"ix":6},"o":{"a":0,"k":100,"ix":7},"sk":{"a":0,"k":0,"ix":4},"sa":{"a":0,"k":0,"ix":5},"nm":"Transform"}],"nm":"Group 20","np":2,"cix":2,"bm":0,"ix":6,"mn":"ADBE Vector Group","hd":false},{"ty":"gr","it":[{"ind":0,"ty":"sh","ix":1,"ks":{"a":0,"k":{"i":[[0,-3.148],[2.148,0],[0,3.148],[-2.148,0]],"o":[[0,3.148],[-2.148,0],[0,-3.148],[2.148,0]],"v":[[3.889,0],[-0.001,5.7],[-3.889,0],[-0.001,-5.7]],"c":true},"ix":2},"nm":"Path 1","mn":"ADBE Vector Shape - Group","hd":false},{"ty":"fl","c":{"a":0,"k":[0.136999990426,0.136999990426,0.136999990426,1],"ix":4},"o":{"a":0,"k":100,"ix":5},"r":1,"bm":0,"nm":"Fill 1","mn":"ADBE Vector Graphic - Fill","hd":false},{"ty":"tr","p":{"a":0,"k":[184.413,57.062],"ix":2},"a":{"a":0,"k":[0,0],"ix":1},"s":{"a":0,"k":[100,100],"ix":3},"r":{"a":0,"k":0,"ix":6},"o":{"a":0,"k":100,"ix":7},"sk":{"a":0,"k":0,"ix":4},"sa":{"a":0,"k":0,"ix":5},"nm":"Transform"}],"nm":"Group 21","np":2,"cix":2,"bm":0,"ix":7,"mn":"ADBE Vector Group","hd":false},{"ty":"gr","it":[{"ind":0,"ty":"sh","ix":1,"ks":{"a":0,"k":{"i":[[0,-3.148],[2.149,0],[0,3.148],[-2.147,0]],"o":[[0,3.148],[-2.147,0],[0,-3.148],[2.149,0]],"v":[[3.889,0],[-0.001,5.7],[-3.889,0],[-0.001,-5.7]],"c":true},"ix":2},"nm":"Path 1","mn":"ADBE Vector Shape - Group","hd":false},{"ty":"fl","c":{"a":0,"k":[0.136999990426,0.136999990426,0.136999990426,1],"ix":4},"o":{"a":0,"k":100,"ix":5},"r":1,"bm":0,"nm":"Fill 1","mn":"ADBE Vector Graphic - Fill","hd":false},{"ty":"tr","p":{"a":0,"k":[151.145,57.062],"ix":2},"a":{"a":0,"k":[0,0],"ix":1},"s":{"a":0,"k":[100,100],"ix":3},"r":{"a":0,"k":0,"ix":6},"o":{"a":0,"k":100,"ix":7},"sk":{"a":0,"k":0,"ix":4},"sa":{"a":0,"k":0,"ix":5},"nm":"Transform"}],"nm":"Group 22","np":2,"cix":2,"bm":0,"ix":8,"mn":"ADBE Vector Group","hd":false},{"ty":"gr","it":[{"ind":0,"ty":"sh","ix":1,"ks":{"a":0,"k":{"i":[[11.491,-5.347],[7.777,-8.749],[-2.548,-11.715],[-8.114,-4.277],[-12.28,0],[7.434,14.249],[-2.478,5.265],[0,0],[0,10.207]],"o":[[-11.491,5.347],[-7.777,8.749],[1.008,4.635],[-11.162,10.531],[11.654,0],[5.71,-6.196],[3.56,-7.567],[-4.86,-1.459],[0,0]],"v":[[4.599,-29.28],[-35.022,-25.973],[-35.463,22.405],[-13.149,27.671],[-0.869,47.185],[14.409,29.22],[34.853,23.643],[36.43,-19.168],[20.39,-44.444]],"c":true},"ix":2},"nm":"Path 1","mn":"ADBE Vector Shape - Group","hd":false},{"ind":1,"ty":"sh","ix":2,"ks":{"a":0,"k":{"i":[[-3.603,-12.611],[5.405,-11.409],[16.312,-0.144],[4.204,6.005],[5.404,43.236],[-12.61,0],[-2.403,-8.407]],"o":[[3.603,12.61],[-5.404,11.41],[-20.812,0.184],[-4.203,-6.005],[-5.405,-43.236],[12.61,0],[17.97,-0.996]],"v":[[44.437,-35.521],[33.04,44.807],[-0.6,62.961],[-32.663,46.866],[-42.635,-13.904],[-1.145,-62.949],[19.817,-54.737]],"c":true},"ix":2},"nm":"Path 2","mn":"ADBE Vector Shape - Group","hd":false},{"ty":"mm","mm":1,"nm":"Merge Paths 1","mn":"ADBE Vector Filter - Merge","hd":false},{"ty":"fl","c":{"a":0,"k":[0.136999990426,0.136999990426,0.136999990426,1],"ix":4},"o":{"a":0,"k":100,"ix":5},"r":1,"bm":0,"nm":"Fill 1","mn":"ADBE Vector Graphic - Fill","hd":false},{"ty":"tr","p":{"a":0,"k":[168.182,63.395],"ix":2},"a":{"a":0,"k":[0,0],"ix":1},"s":{"a":0,"k":[100,100],"ix":3},"r":{"a":0,"k":0,"ix":6},"o":{"a":0,"k":100,"ix":7},"sk":{"a":0,"k":0,"ix":4},"sa":{"a":0,"k":0,"ix":5},"nm":"Transform"}],"nm":"Group 23","np":4,"cix":2,"bm":0,"ix":9,"mn":"ADBE Vector Group","hd":false},{"ty":"gr","it":[{"ind":0,"ty":"sh","ix":1,"ks":{"a":0,"k":{"i":[[0,0],[19.254,-1.883],[4.44,-25.203],[0,0],[0,0]],"o":[[0,0],[-19.254,1.883],[0,0],[0,0],[0,0]],"v":[[30.091,-19.349],[10.982,3.87],[-30.236,19.349],[-30.236,-3.242],[-8.9,-15.793]],"c":true},"ix":2},"nm":"Path 1","mn":"ADBE Vector Shape - Group","hd":false},{"ty":"fl","c":{"a":0,"k":[0.870999983245,0.705999995213,0.286000001197,1],"ix":4},"o":{"a":0,"k":100,"ix":5},"r":1,"bm":0,"nm":"Fill 1","mn":"ADBE Vector Graphic - Fill","hd":false},{"ty":"tr","p":{"a":0,"k":[158.21,34.682],"ix":2},"a":{"a":0,"k":[0,0],"ix":1},"s":{"a":0,"k":[100,100],"ix":3},"r":{"a":0,"k":0,"ix":6},"o":{"a":0,"k":100,"ix":7},"sk":{"a":0,"k":0,"ix":4},"sa":{"a":0,"k":0,"ix":5},"nm":"Transform"}],"nm":"Group 24","np":2,"cix":2,"bm":0,"ix":10,"mn":"ADBE Vector Group","hd":false},{"ty":"gr","it":[{"ind":0,"ty":"sh","ix":1,"ks":{"a":0,"k":{"i":[[0,-36.931],[21.968,0],[0,36.932],[-21.968,0]],"o":[[0,36.932],[-21.968,0],[0,-36.931],[21.968,0]],"v":[[39.778,-9.496],[0.001,57.375],[-39.778,-9.496],[0.001,-57.375]],"c":true},"ix":2},"nm":"Path 1","mn":"ADBE Vector Shape - Group","hd":false},{"ty":"fl","c":{"a":0,"k":[0.957000014361,0.827000038297,0.493999974868,1],"ix":4},"o":{"a":0,"k":100,"ix":5},"r":1,"bm":0,"nm":"Fill 1","mn":"ADBE Vector Graphic - Fill","hd":false},{"ty":"tr","p":{"a":0,"k":[168.688,68.98],"ix":2},"a":{"a":0,"k":[0,0],"ix":1},"s":{"a":0,"k":[100,100],"ix":3},"r":{"a":0,"k":0,"ix":6},"o":{"a":0,"k":100,"ix":7},"sk":{"a":0,"k":0,"ix":4},"sa":{"a":0,"k":0,"ix":5},"nm":"Transform"}],"nm":"Group 25","np":2,"cix":2,"bm":0,"ix":11,"mn":"ADBE Vector Group","hd":false},{"ty":"gr","it":[{"ind":0,"ty":"sh","ix":1,"ks":{"a":0,"k":{"i":[[0,0],[32.569,3.278],[0,0],[0,0]],"o":[[-4.335,7.665],[0,0],[0,0],[0,0]],"v":[[24.408,-5.252],[-24.408,9.472],[-20.266,-11.575],[22.563,-12.749]],"c":true},"ix":2},"nm":"Path 1","mn":"ADBE Vector Shape - Group","hd":false},{"ty":"fl","c":{"a":0,"k":[0.870999983245,0.705999995213,0.286000001197,1],"ix":4},"o":{"a":0,"k":100,"ix":5},"r":1,"bm":0,"nm":"Fill 1","mn":"ADBE Vector Graphic - Fill","hd":false},{"ty":"tr","p":{"a":0,"k":[167.138,126.194],"ix":2},"a":{"a":0,"k":[0,0],"ix":1},"s":{"a":0,"k":[100,100],"ix":3},"r":{"a":0,"k":0,"ix":6},"o":{"a":0,"k":100,"ix":7},"sk":{"a":0,"k":0,"ix":4},"sa":{"a":0,"k":0,"ix":5},"nm":"Transform"}],"nm":"Group 26","np":2,"cix":2,"bm":0,"ix":12,"mn":"ADBE Vector Group","hd":false},{"ty":"gr","it":[{"ind":0,"ty":"sh","ix":1,"ks":{"a":0,"k":{"i":[[0,0],[0,0],[0,0],[0,0],[0,0],[0,0],[0,0],[0,0],[0,0]],"o":[[0,0],[0,0],[0,0],[0,0],[0,0],[0,0],[0,0],[0,0],[0,0]],"v":[[40.893,12.607],[1.794,45.616],[-40.893,15.086],[-30.712,-12.762],[-28.609,-23.395],[-24.465,-44.441],[18.362,-45.616],[20.206,-38.118],[25.201,-17.884]],"c":true},"ix":2},"nm":"Path 1","mn":"ADBE Vector Shape - Group","hd":false},{"ty":"fl","c":{"a":0,"k":[0.957000014361,0.827000038297,0.493999974868,1],"ix":4},"o":{"a":0,"k":100,"ix":5},"r":1,"bm":0,"nm":"Fill 1","mn":"ADBE Vector Graphic - Fill","hd":false},{"ty":"tr","p":{"a":0,"k":[171.338,159.061],"ix":2},"a":{"a":0,"k":[0,0],"ix":1},"s":{"a":0,"k":[100,100],"ix":3},"r":{"a":0,"k":0,"ix":6},"o":{"a":0,"k":100,"ix":7},"sk":{"a":0,"k":0,"ix":4},"sa":{"a":0,"k":0,"ix":5},"nm":"Transform"}],"nm":"Group 27","np":2,"cix":2,"bm":0,"ix":13,"mn":"ADBE Vector Group","hd":false}],"ip":0,"op":480,"st":0,"bm":0},{"ddd":0,"ind":4,"ty":4,"nm":"Layer 8 Outlines","sr":1,"ks":{"o":{"a":0,"k":100,"ix":11},"r":{"a":1,"k":[{"i":{"x":[0.667],"y":[1]},"o":{"x":[0.333],"y":[0]},"t":0,"s":[-5]},{"t":59,"s":[0]}],"ix":10,"x":"var $bm_rt;\n$bm_rt = loopOut('pingpong');"},"p":{"a":0,"k":[65.984,167.823,0],"ix":2},"a":{"a":0,"k":[41.329,63.157,0],"ix":1},"s":{"a":0,"k":[100,100,100],"ix":6}},"ao":0,"shapes":[{"ty":"gr","it":[{"ind":0,"ty":"sh","ix":1,"ks":{"a":0,"k":{"i":[[0,0],[0,0],[0,0]],"o":[[0,0],[0,0],[0,0]],"v":[[-21.713,-23.593],[21.713,19.343],[-4.48,23.593]],"c":true},"ix":2},"nm":"Path 1","mn":"ADBE Vector Shape - Group","hd":false},{"ty":"fl","c":{"a":0,"k":[1,0.811889648438,0.281982421875,1],"ix":4},"o":{"a":0,"k":100,"ix":5},"r":1,"bm":0,"nm":"Fill 1","mn":"ADBE Vector Graphic - Fill","hd":false},{"ty":"tr","p":{"a":0,"k":[21.963,23.843],"ix":2},"a":{"a":0,"k":[0,0],"ix":1},"s":{"a":0,"k":[100,100],"ix":3},"r":{"a":0,"k":0,"ix":6},"o":{"a":0,"k":100,"ix":7},"sk":{"a":0,"k":0,"ix":4},"sa":{"a":0,"k":0,"ix":5},"nm":"Transform"}],"nm":"Group 2","np":2,"cix":2,"bm":0,"ix":1,"mn":"ADBE Vector Group","hd":false},{"ty":"gr","it":[{"ind":0,"ty":"sh","ix":1,"ks":{"a":0,"k":{"i":[[0,0],[0,0],[0,0]],"o":[[0,0],[0,0],[0,0]],"v":[[-38.921,-21.132],[38.921,16.005],[17.391,21.132]],"c":true},"ix":2},"nm":"Path 1","mn":"ADBE Vector Shape - Group","hd":false},{"ty":"fl","c":{"a":0,"k":[1,0.811889648438,0.281982421875,1],"ix":4},"o":{"a":0,"k":100,"ix":5},"r":1,"bm":0,"nm":"Fill 1","mn":"ADBE Vector Graphic - Fill","hd":false},{"ty":"tr","p":{"a":0,"k":[39.171,21.382],"ix":2},"a":{"a":0,"k":[0,0],"ix":1},"s":{"a":0,"k":[100,100],"ix":3},"r":{"a":0,"k":0,"ix":6},"o":{"a":0,"k":100,"ix":7},"sk":{"a":0,"k":0,"ix":4},"sa":{"a":0,"k":0,"ix":5},"nm":"Transform"}],"nm":"Group 3","np":2,"cix":2,"bm":0,"ix":2,"mn":"ADBE Vector Group","hd":false},{"ty":"gr","it":[{"ind":0,"ty":"sh","ix":1,"ks":{"a":0,"k":{"i":[[0,0],[0,0],[0,0]],"o":[[0,0],[0,0],[0,0]],"v":[[-21.713,-31.135],[21.713,11.801],[18.435,31.135]],"c":true},"ix":2},"nm":"Path 1","mn":"ADBE Vector Shape - Group","hd":false},{"ty":"fl","c":{"a":0,"k":[1,0.897808969021,0.610000014305,1],"ix":4},"o":{"a":0,"k":100,"ix":5},"r":1,"bm":0,"nm":"Fill 1","mn":"ADBE Vector Graphic - Fill","hd":false},{"ty":"tr","p":{"a":0,"k":[21.963,31.385],"ix":2},"a":{"a":0,"k":[0,0],"ix":1},"s":{"a":0,"k":[100,100],"ix":3},"r":{"a":0,"k":0,"ix":6},"o":{"a":0,"k":100,"ix":7},"sk":{"a":0,"k":0,"ix":4},"sa":{"a":0,"k":0,"ix":5},"nm":"Transform"}],"nm":"Group 4","np":2,"cix":2,"bm":0,"ix":3,"mn":"ADBE Vector Group","hd":false},{"ty":"gr","it":[{"ind":0,"ty":"sh","ix":1,"ks":{"a":0,"k":{"i":[[0,0],[0,0],[0,0]],"o":[[0,0],[0,0],[0,0]],"v":[[-28.156,-31.135],[28.156,11.129],[11.992,31.135]],"c":true},"ix":2},"nm":"Path 1","mn":"ADBE Vector Shape - Group","hd":false},{"ty":"fl","c":{"a":0,"k":[0.439999997616,0.338542670012,0.052799999714,1],"ix":4},"o":{"a":0,"k":100,"ix":5},"r":1,"bm":0,"nm":"Fill 1","mn":"ADBE Vector Graphic - Fill","hd":false},{"ty":"tr","p":{"a":0,"k":[28.406,31.385],"ix":2},"a":{"a":0,"k":[0,0],"ix":1},"s":{"a":0,"k":[100,100],"ix":3},"r":{"a":0,"k":0,"ix":6},"o":{"a":0,"k":100,"ix":7},"sk":{"a":0,"k":0,"ix":4},"sa":{"a":0,"k":0,"ix":5},"nm":"Transform"}],"nm":"Group 5","np":2,"cix":2,"bm":0,"ix":4,"mn":"ADBE Vector Group","hd":false}],"ip":0,"op":480,"st":0,"bm":0},{"ddd":0,"ind":5,"ty":4,"nm":"Layer 9 Outlines","sr":1,"ks":{"o":{"a":0,"k":100,"ix":11},"r":{"a":0,"k":0,"ix":10},"p":{"a":0,"k":[362.734,437.905,0],"ix":2},"a":{"a":0,"k":[194.465,120.068,0],"ix":1},"s":{"a":0,"k":[100,100,100],"ix":6}},"ao":0,"shapes":[{"ty":"gr","it":[{"ind":0,"ty":"sh","ix":1,"ks":{"a":0,"k":{"i":[[0.489,0],[0,0],[0.102,0.114],[0,0],[-0.469,0],[0,0],[-0.1,-0.096],[0,0]],"o":[[0,0],[-0.153,0],[0,0],[-0.315,-0.348],[0,0],[0.139,0],[0,0],[0.356,0.336]],"v":[[11.015,3.303],[-6.027,3.303],[-6.428,3.125],[-11.428,-2.398],[-11.027,-3.302],[5.18,-3.302],[5.552,-3.154],[11.387,2.368]],"c":true},"ix":2},"nm":"Path 1","mn":"ADBE Vector Shape - Group","hd":false},{"ty":"fl","c":{"a":0,"k":[0.995999983245,0.952999997606,0.976000019148,1],"ix":4},"o":{"a":0,"k":100,"ix":5},"r":1,"bm":0,"nm":"Fill 1","mn":"ADBE Vector Graphic - Fill","hd":false},{"ty":"tr","p":{"a":0,"k":[310.967,196.335],"ix":2},"a":{"a":0,"k":[0,0],"ix":1},"s":{"a":0,"k":[100,100],"ix":3},"r":{"a":0,"k":0,"ix":6},"o":{"a":0,"k":100,"ix":7},"sk":{"a":0,"k":0,"ix":4},"sa":{"a":0,"k":0,"ix":5},"nm":"Transform"}],"nm":"Group 1","np":2,"cix":2,"bm":0,"ix":1,"mn":"ADBE Vector Group","hd":false},{"ty":"gr","it":[{"ind":0,"ty":"sh","ix":1,"ks":{"a":0,"k":{"i":[[0.424,0],[0,0],[0.09,0.19],[0,0],[-0.396,0],[0,0],[-0.098,-0.16],[0,0]],"o":[[0,0],[-0.21,0],[0,0],[-0.169,-0.358],[0,0],[0.187,0],[0,0],[0.224,0.36]],"v":[[10.02,1.829],[-8.835,1.829],[-9.326,1.517],[-10.534,-1.059],[-10.044,-1.829],[8.421,-1.829],[8.881,-1.573],[10.48,1.002]],"c":true},"ix":2},"nm":"Path 1","mn":"ADBE Vector Shape - Group","hd":false},{"ty":"fl","c":{"a":0,"k":[0.995999983245,0.952999997606,0.976000019148,1],"ix":4},"o":{"a":0,"k":100,"ix":5},"r":1,"bm":0,"nm":"Fill 1","mn":"ADBE Vector Graphic - Fill","hd":false},{"ty":"tr","p":{"a":0,"k":[264.939,207.916],"ix":2},"a":{"a":0,"k":[0,0],"ix":1},"s":{"a":0,"k":[100,100],"ix":3},"r":{"a":0,"k":0,"ix":6},"o":{"a":0,"k":100,"ix":7},"sk":{"a":0,"k":0,"ix":4},"sa":{"a":0,"k":0,"ix":5},"nm":"Transform"}],"nm":"Group 2","np":2,"cix":2,"bm":0,"ix":2,"mn":"ADBE Vector Group","hd":false},{"ty":"gr","it":[{"ind":0,"ty":"sh","ix":1,"ks":{"a":0,"k":{"i":[[0.489,0],[0,0],[0.103,0.114],[0,0],[-0.469,0],[0,0],[-0.1,-0.094],[0,0]],"o":[[0,0],[-0.154,0],[0,0],[-0.315,-0.349],[0,0],[0.138,0],[0,0],[0.356,0.337]],"v":[[10.446,1.829],[-8.126,1.829],[-8.528,1.65],[-10.859,-0.925],[-10.458,-1.829],[7.725,-1.829],[8.097,-1.682],[10.818,0.894]],"c":true},"ix":2},"nm":"Path 1","mn":"ADBE Vector Shape - Group","hd":false},{"ty":"fl","c":{"a":0,"k":[0.995999983245,0.952999997606,0.976000019148,1],"ix":4},"o":{"a":0,"k":100,"ix":5},"r":1,"bm":0,"nm":"Fill 1","mn":"ADBE Vector Graphic - Fill","hd":false},{"ty":"tr","p":{"a":0,"k":[322.214,207.916],"ix":2},"a":{"a":0,"k":[0,0],"ix":1},"s":{"a":0,"k":[100,100],"ix":3},"r":{"a":0,"k":0,"ix":6},"o":{"a":0,"k":100,"ix":7},"sk":{"a":0,"k":0,"ix":4},"sa":{"a":0,"k":0,"ix":5},"nm":"Transform"}],"nm":"Group 3","np":2,"cix":2,"bm":0,"ix":3,"mn":"ADBE Vector Group","hd":false},{"ty":"gr","it":[{"ind":0,"ty":"sh","ix":1,"ks":{"a":0,"k":{"i":[[0.46,0],[0,0],[0.101,0.147],[0,0],[-0.436,0],[0,0],[-0.103,-0.123],[0,0]],"o":[[0,0],[-0.178,0],[0,0],[-0.247,-0.359],[0,0],[0.16,0],[0,0],[0.295,0.353]],"v":[[10.24,1.829],[-8.488,1.829],[-8.934,1.594],[-10.703,-0.982],[-10.258,-1.829],[8.079,-1.829],[8.494,-1.636],[10.654,0.939]],"c":true},"ix":2},"nm":"Path 1","mn":"ADBE Vector Shape - Group","hd":false},{"ty":"fl","c":{"a":0,"k":[0.995999983245,0.952999997606,0.976000019148,1],"ix":4},"o":{"a":0,"k":100,"ix":5},"r":1,"bm":0,"nm":"Fill 1","mn":"ADBE Vector Graphic - Fill","hd":false},{"ty":"tr","p":{"a":0,"k":[293.575,207.916],"ix":2},"a":{"a":0,"k":[0,0],"ix":1},"s":{"a":0,"k":[100,100],"ix":3},"r":{"a":0,"k":0,"ix":6},"o":{"a":0,"k":100,"ix":7},"sk":{"a":0,"k":0,"ix":4},"sa":{"a":0,"k":0,"ix":5},"nm":"Transform"}],"nm":"Group 4","np":2,"cix":2,"bm":0,"ix":4,"mn":"ADBE Vector Group","hd":false},{"ty":"gr","it":[{"ind":0,"ty":"sh","ix":1,"ks":{"a":0,"k":{"i":[[0.459,0],[0,0],[0.102,0.146],[0,0],[-0.436,0],[0,0],[-0.103,-0.122],[0,0]],"o":[[0,0],[-0.179,0],[0,0],[-0.248,-0.358],[0,0],[0.161,0],[0,0],[0.296,0.353]],"v":[[9.821,1.694],[-8.253,1.694],[-8.7,1.46],[-10.283,-0.846],[-9.837,-1.694],[7.887,-1.694],[8.302,-1.5],[10.235,0.805]],"c":true},"ix":2},"nm":"Path 1","mn":"ADBE Vector Shape - Group","hd":false},{"ty":"fl","c":{"a":0,"k":[0.995999983245,0.952999997606,0.976000019148,1],"ix":4},"o":{"a":0,"k":100,"ix":5},"r":1,"bm":0,"nm":"Fill 1","mn":"ADBE Vector Graphic - Fill","hd":false},{"ty":"tr","p":{"a":0,"k":[290.378,203.737],"ix":2},"a":{"a":0,"k":[0,0],"ix":1},"s":{"a":0,"k":[100,100],"ix":3},"r":{"a":0,"k":0,"ix":6},"o":{"a":0,"k":100,"ix":7},"sk":{"a":0,"k":0,"ix":4},"sa":{"a":0,"k":0,"ix":5},"nm":"Transform"}],"nm":"Group 5","np":2,"cix":2,"bm":0,"ix":5,"mn":"ADBE Vector Group","hd":false},{"ty":"gr","it":[{"ind":0,"ty":"sh","ix":1,"ks":{"a":0,"k":{"i":[[0.459,0],[0,0],[0.102,0.147],[0,0],[-0.436,0],[0,0],[-0.103,-0.122],[0,0]],"o":[[0,0],[-0.179,0],[0,0],[-0.248,-0.359],[0,0],[0.16,0],[0,0],[0.296,0.353]],"v":[[10.488,3.303],[-6.709,3.303],[-7.156,3.069],[-10.95,-2.455],[-10.505,-3.302],[5.856,-3.302],[6.271,-3.109],[10.902,2.414]],"c":true},"ix":2},"nm":"Path 1","mn":"ADBE Vector Shape - Group","hd":false},{"ty":"fl","c":{"a":0,"k":[0.995999983245,0.952999997606,0.976000019148,1],"ix":4},"o":{"a":0,"k":100,"ix":5},"r":1,"bm":0,"nm":"Fill 1","mn":"ADBE Vector Graphic - Fill","hd":false},{"ty":"tr","p":{"a":0,"k":[284.852,196.335],"ix":2},"a":{"a":0,"k":[0,0],"ix":1},"s":{"a":0,"k":[100,100],"ix":3},"r":{"a":0,"k":0,"ix":6},"o":{"a":0,"k":100,"ix":7},"sk":{"a":0,"k":0,"ix":4},"sa":{"a":0,"k":0,"ix":5},"nm":"Transform"}],"nm":"Group 6","np":2,"cix":2,"bm":0,"ix":6,"mn":"ADBE Vector Group","hd":false},{"ty":"gr","it":[{"ind":0,"ty":"sh","ix":1,"ks":{"a":0,"k":{"i":[[0.425,0],[0,0],[0.088,0.19],[0,0],[-0.395,0],[0,0],[-0.098,-0.159],[0,0]],"o":[[0,0],[-0.21,0],[0,0],[-0.169,-0.359],[0,0],[0.188,0],[0,0],[0.224,0.36]],"v":[[9.945,3.303],[-7.38,3.303],[-7.869,2.992],[-10.461,-2.531],[-9.972,-3.302],[6.517,-3.302],[6.977,-3.047],[10.405,2.477]],"c":true},"ix":2},"nm":"Path 1","mn":"ADBE Vector Shape - Group","hd":false},{"ty":"fl","c":{"a":0,"k":[0.995999983245,0.952999997606,0.976000019148,1],"ix":4},"o":{"a":0,"k":100,"ix":5},"r":1,"bm":0,"nm":"Fill 1","mn":"ADBE Vector Graphic - Fill","hd":false},{"ty":"tr","p":{"a":0,"k":[258.74,196.335],"ix":2},"a":{"a":0,"k":[0,0],"ix":1},"s":{"a":0,"k":[100,100],"ix":3},"r":{"a":0,"k":0,"ix":6},"o":{"a":0,"k":100,"ix":7},"sk":{"a":0,"k":0,"ix":4},"sa":{"a":0,"k":0,"ix":5},"nm":"Transform"}],"nm":"Group 7","np":2,"cix":2,"bm":0,"ix":7,"mn":"ADBE Vector Group","hd":false},{"ty":"gr","it":[{"ind":0,"ty":"sh","ix":1,"ks":{"a":0,"k":{"i":[[0.384,0],[0,0],[0.059,0.241],[0,0],[-0.352,0],[0,0],[-0.082,-0.204],[0,0]],"o":[[0,0],[-0.248,0],[0,0],[-0.085,-0.341],[0,0],[0.221,0],[0,0],[0.143,0.355]],"v":[[9.385,3.303],[-8.033,3.303],[-8.557,2.894],[-9.946,-2.63],[-9.421,-3.302],[7.161,-3.302],[7.663,-2.964],[9.888,2.561]],"c":true},"ix":2},"nm":"Path 1","mn":"ADBE Vector Shape - Group","hd":false},{"ty":"fl","c":{"a":0,"k":[0.995999983245,0.952999997606,0.976000019148,1],"ix":4},"o":{"a":0,"k":100,"ix":5},"r":1,"bm":0,"nm":"Fill 1","mn":"ADBE Vector Graphic - Fill","hd":false},{"ty":"tr","p":{"a":0,"k":[232.631,196.335],"ix":2},"a":{"a":0,"k":[0,0],"ix":1},"s":{"a":0,"k":[100,100],"ix":3},"r":{"a":0,"k":0,"ix":6},"o":{"a":0,"k":100,"ix":7},"sk":{"a":0,"k":0,"ix":4},"sa":{"a":0,"k":0,"ix":5},"nm":"Transform"}],"nm":"Group 8","np":2,"cix":2,"bm":0,"ix":8,"mn":"ADBE Vector Group","hd":false},{"ty":"gr","it":[{"ind":0,"ty":"sh","ix":1,"ks":{"a":0,"k":{"i":[[0.338,0],[0,0],[0.01,0.291],[0,0],[-0.306,0],[0,0],[-0.047,-0.257],[0,0]],"o":[[0,0],[-0.291,0],[0,0],[-0.01,-0.306],[0,0],[0.262,0],[0,0],[0.062,0.332]],"v":[[8.805,3.303],[-8.665,3.303],[-9.204,2.781],[-9.389,-2.743],[-8.848,-3.302],[7.783,-3.302],[8.316,-2.859],[9.336,2.664]],"c":true},"ix":2},"nm":"Path 1","mn":"ADBE Vector Shape - Group","hd":false},{"ty":"fl","c":{"a":0,"k":[0.995999983245,0.952999997606,0.976000019148,1],"ix":4},"o":{"a":0,"k":100,"ix":5},"r":1,"bm":0,"nm":"Fill 1","mn":"ADBE Vector Graphic - Fill","hd":false},{"ty":"tr","p":{"a":0,"k":[206.522,196.335],"ix":2},"a":{"a":0,"k":[0,0],"ix":1},"s":{"a":0,"k":[100,100],"ix":3},"r":{"a":0,"k":0,"ix":6},"o":{"a":0,"k":100,"ix":7},"sk":{"a":0,"k":0,"ix":4},"sa":{"a":0,"k":0,"ix":5},"nm":"Transform"}],"nm":"Group 9","np":2,"cix":2,"bm":0,"ix":9,"mn":"ADBE Vector Group","hd":false},{"ty":"gr","it":[{"ind":0,"ty":"sh","ix":1,"ks":{"a":0,"k":{"i":[[0.292,0],[0,0],[-0.062,0.332],[0,0],[-0.261,0],[0,0],[0.01,-0.306],[0,0]],"o":[[0,0],[-0.338,0],[0,0],[0.047,-0.257],[0,0],[0.306,0],[0,0],[-0.01,0.291]],"v":[[8.664,3.303],[-8.805,3.303],[-9.336,2.664],[-8.316,-2.859],[-7.785,-3.302],[8.848,-3.302],[9.388,-2.743],[9.204,2.781]],"c":true},"ix":2},"nm":"Path 1","mn":"ADBE Vector Shape - Group","hd":false},{"ty":"fl","c":{"a":0,"k":[0.995999983245,0.952999997606,0.976000019148,1],"ix":4},"o":{"a":0,"k":100,"ix":5},"r":1,"bm":0,"nm":"Fill 1","mn":"ADBE Vector Graphic - Fill","hd":false},{"ty":"tr","p":{"a":0,"k":[179.948,196.335],"ix":2},"a":{"a":0,"k":[0,0],"ix":1},"s":{"a":0,"k":[100,100],"ix":3},"r":{"a":0,"k":0,"ix":6},"o":{"a":0,"k":100,"ix":7},"sk":{"a":0,"k":0,"ix":4},"sa":{"a":0,"k":0,"ix":5},"nm":"Transform"}],"nm":"Group 10","np":2,"cix":2,"bm":0,"ix":10,"mn":"ADBE Vector Group","hd":false},{"ty":"gr","it":[{"ind":0,"ty":"sh","ix":1,"ks":{"a":0,"k":{"i":[[0.384,0],[0,0],[-0.143,0.356],[0,0],[-0.221,0],[0,0],[-0.083,-0.204],[0,0]],"o":[[0,0],[-0.383,0],[0,0],[0.082,-0.204],[0,0],[0.221,0],[0,0],[0.144,0.356]],"v":[[52.85,3.85],[-52.851,3.85],[-53.353,3.106],[-50.688,-3.512],[-50.186,-3.851],[50.186,-3.851],[50.688,-3.512],[53.352,3.106]],"c":true},"ix":2},"nm":"Path 1","mn":"ADBE Vector Shape - Group","hd":false},{"ty":"fl","c":{"a":0,"k":[0.995999983245,0.952999997606,0.976000019148,1],"ix":4},"o":{"a":0,"k":100,"ix":5},"r":1,"bm":0,"nm":"Fill 1","mn":"ADBE Vector Graphic - Fill","hd":false},{"ty":"tr","p":{"a":0,"k":[193.235,205.894],"ix":2},"a":{"a":0,"k":[0,0],"ix":1},"s":{"a":0,"k":[100,100],"ix":3},"r":{"a":0,"k":0,"ix":6},"o":{"a":0,"k":100,"ix":7},"sk":{"a":0,"k":0,"ix":4},"sa":{"a":0,"k":0,"ix":5},"nm":"Transform"}],"nm":"Group 11","np":2,"cix":2,"bm":0,"ix":11,"mn":"ADBE Vector Group","hd":false},{"ty":"gr","it":[{"ind":0,"ty":"sh","ix":1,"ks":{"a":0,"k":{"i":[[0.248,0],[0,0],[-0.142,0.355],[0,0],[-0.221,0],[0,0],[0.086,-0.341],[0,0]],"o":[[0,0],[-0.383,0],[0,0],[0.083,-0.204],[0,0],[0.352,0],[0,0],[-0.06,0.241]],"v":[[8.033,3.303],[-9.386,3.303],[-9.889,2.561],[-7.665,-2.964],[-7.162,-3.302],[9.42,-3.302],[9.945,-2.63],[8.557,2.894]],"c":true},"ix":2},"nm":"Path 1","mn":"ADBE Vector Shape - Group","hd":false},{"ty":"fl","c":{"a":0,"k":[0.995999983245,0.952999997606,0.976000019148,1],"ix":4},"o":{"a":0,"k":100,"ix":5},"r":1,"bm":0,"nm":"Fill 1","mn":"ADBE Vector Graphic - Fill","hd":false},{"ty":"tr","p":{"a":0,"k":[153.84,196.335],"ix":2},"a":{"a":0,"k":[0,0],"ix":1},"s":{"a":0,"k":[100,100],"ix":3},"r":{"a":0,"k":0,"ix":6},"o":{"a":0,"k":100,"ix":7},"sk":{"a":0,"k":0,"ix":4},"sa":{"a":0,"k":0,"ix":5},"nm":"Transform"}],"nm":"Group 12","np":2,"cix":2,"bm":0,"ix":12,"mn":"ADBE Vector Group","hd":false},{"ty":"gr","it":[{"ind":0,"ty":"sh","ix":1,"ks":{"a":0,"k":{"i":[[0.209,0],[0,0],[-0.224,0.36],[0,0],[-0.188,0],[0,0],[0.168,-0.359],[0,0]],"o":[[0,0],[-0.425,0],[0,0],[0.099,-0.159],[0,0],[0.397,0],[0,0],[-0.089,0.19]],"v":[[7.888,3.85],[-10.967,3.85],[-11.427,3.023],[-7.32,-3.595],[-6.86,-3.851],[10.992,-3.851],[11.483,-3.079],[8.377,3.538]],"c":true},"ix":2},"nm":"Path 1","mn":"ADBE Vector Shape - Group","hd":false},{"ty":"fl","c":{"a":0,"k":[0.995999983245,0.952999997606,0.976000019148,1],"ix":4},"o":{"a":0,"k":100,"ix":5},"r":1,"bm":0,"nm":"Fill 1","mn":"ADBE Vector Graphic - Fill","hd":false},{"ty":"tr","p":{"a":0,"k":[122.48,205.894],"ix":2},"a":{"a":0,"k":[0,0],"ix":1},"s":{"a":0,"k":[100,100],"ix":3},"r":{"a":0,"k":0,"ix":6},"o":{"a":0,"k":100,"ix":7},"sk":{"a":0,"k":0,"ix":4},"sa":{"a":0,"k":0,"ix":5},"nm":"Transform"}],"nm":"Group 13","np":2,"cix":2,"bm":0,"ix":13,"mn":"ADBE Vector Group","hd":false},{"ty":"gr","it":[{"ind":0,"ty":"sh","ix":1,"ks":{"a":0,"k":{"i":[[0.179,0],[0,0],[-0.295,0.353],[0,0],[-0.16,0],[0,0],[0.246,-0.358],[0,0]],"o":[[0,0],[-0.46,0],[0,0],[0.103,-0.122],[0,0],[0.435,0],[0,0],[-0.101,0.147]],"v":[[7.099,3.85],[-11.628,3.85],[-12.044,2.96],[-6.493,-3.658],[-6.078,-3.851],[11.646,-3.851],[12.092,-3.004],[7.544,3.615]],"c":true},"ix":2},"nm":"Path 1","mn":"ADBE Vector Shape - Group","hd":false},{"ty":"fl","c":{"a":0,"k":[0.995999983245,0.952999997606,0.976000019148,1],"ix":4},"o":{"a":0,"k":100,"ix":5},"r":1,"bm":0,"nm":"Fill 1","mn":"ADBE Vector Graphic - Fill","hd":false},{"ty":"tr","p":{"a":0,"k":[94.284,205.894],"ix":2},"a":{"a":0,"k":[0,0],"ix":1},"s":{"a":0,"k":[100,100],"ix":3},"r":{"a":0,"k":0,"ix":6},"o":{"a":0,"k":100,"ix":7},"sk":{"a":0,"k":0,"ix":4},"sa":{"a":0,"k":0,"ix":5},"nm":"Transform"}],"nm":"Group 14","np":2,"cix":2,"bm":0,"ix":14,"mn":"ADBE Vector Group","hd":false},{"ty":"gr","it":[{"ind":0,"ty":"sh","ix":1,"ks":{"a":0,"k":{"i":[[0.152,0],[0,0],[-0.355,0.337],[0,0],[-0.138,0],[0,0],[0.314,-0.348],[0,0]],"o":[[0,0],[-0.489,0],[0,0],[0.1,-0.094],[0,0],[0.469,0],[0,0],[-0.103,0.114]],"v":[[6.297,3.85],[-12.276,3.85],[-12.648,2.915],[-5.656,-3.703],[-5.284,-3.851],[12.287,-3.851],[12.689,-2.947],[6.698,3.671]],"c":true},"ix":2},"nm":"Path 1","mn":"ADBE Vector Shape - Group","hd":false},{"ty":"fl","c":{"a":0,"k":[0.995999983245,0.952999997606,0.976000019148,1],"ix":4},"o":{"a":0,"k":100,"ix":5},"r":1,"bm":0,"nm":"Fill 1","mn":"ADBE Vector Graphic - Fill","hd":false},{"ty":"tr","p":{"a":0,"k":[66.086,205.894],"ix":2},"a":{"a":0,"k":[0,0],"ix":1},"s":{"a":0,"k":[100,100],"ix":3},"r":{"a":0,"k":0,"ix":6},"o":{"a":0,"k":100,"ix":7},"sk":{"a":0,"k":0,"ix":4},"sa":{"a":0,"k":0,"ix":5},"nm":"Transform"}],"nm":"Group 15","np":2,"cix":2,"bm":0,"ix":15,"mn":"ADBE Vector Group","hd":false},{"ty":"gr","it":[{"ind":0,"ty":"sh","ix":1,"ks":{"a":0,"k":{"i":[[0.21,0],[0,0],[-0.224,0.36],[0,0],[-0.187,0],[0,0],[0.168,-0.359],[0,0]],"o":[[0,0],[-0.425,0],[0,0],[0.098,-0.159],[0,0],[0.396,0],[0,0],[-0.089,0.19]],"v":[[7.379,3.303],[-9.945,3.303],[-10.405,2.477],[-6.977,-3.047],[-6.518,-3.302],[9.971,-3.302],[10.461,-2.531],[7.869,2.992]],"c":true},"ix":2},"nm":"Path 1","mn":"ADBE Vector Shape - Group","hd":false},{"ty":"fl","c":{"a":0,"k":[0.995999983245,0.952999997606,0.976000019148,1],"ix":4},"o":{"a":0,"k":100,"ix":5},"r":1,"bm":0,"nm":"Fill 1","mn":"ADBE Vector Graphic - Fill","hd":false},{"ty":"tr","p":{"a":0,"k":[127.73,196.335],"ix":2},"a":{"a":0,"k":[0,0],"ix":1},"s":{"a":0,"k":[100,100],"ix":3},"r":{"a":0,"k":0,"ix":6},"o":{"a":0,"k":100,"ix":7},"sk":{"a":0,"k":0,"ix":4},"sa":{"a":0,"k":0,"ix":5},"nm":"Transform"}],"nm":"Group 16","np":2,"cix":2,"bm":0,"ix":16,"mn":"ADBE Vector Group","hd":false},{"ty":"gr","it":[{"ind":0,"ty":"sh","ix":1,"ks":{"a":0,"k":{"i":[[0.178,0],[0,0],[-0.295,0.353],[0,0],[-0.161,0],[0,0],[0.247,-0.359],[0,0]],"o":[[0,0],[-0.46,0],[0,0],[0.102,-0.122],[0,0],[0.435,0],[0,0],[-0.1,0.147]],"v":[[6.71,3.303],[-10.488,3.303],[-10.902,2.414],[-6.27,-3.109],[-5.855,-3.302],[10.505,-3.302],[10.951,-2.455],[7.154,3.069]],"c":true},"ix":2},"nm":"Path 1","mn":"ADBE Vector Shape - Group","hd":false},{"ty":"fl","c":{"a":0,"k":[0.995999983245,0.952999997606,0.976000019148,1],"ix":4},"o":{"a":0,"k":100,"ix":5},"r":1,"bm":0,"nm":"Fill 1","mn":"ADBE Vector Graphic - Fill","hd":false},{"ty":"tr","p":{"a":0,"k":[101.618,196.335],"ix":2},"a":{"a":0,"k":[0,0],"ix":1},"s":{"a":0,"k":[100,100],"ix":3},"r":{"a":0,"k":0,"ix":6},"o":{"a":0,"k":100,"ix":7},"sk":{"a":0,"k":0,"ix":4},"sa":{"a":0,"k":0,"ix":5},"nm":"Transform"}],"nm":"Group 17","np":2,"cix":2,"bm":0,"ix":17,"mn":"ADBE Vector Group","hd":false},{"ty":"gr","it":[{"ind":0,"ty":"sh","ix":1,"ks":{"a":0,"k":{"i":[[0.153,0],[0,0],[-0.356,0.336],[0,0],[-0.139,0],[0,0],[0.316,-0.348],[0,0]],"o":[[0,0],[-0.489,0],[0,0],[0.1,-0.096],[0,0],[0.47,0],[0,0],[-0.102,0.114]],"v":[[6.028,3.303],[-11.015,3.303],[-11.387,2.368],[-5.551,-3.154],[-5.179,-3.302],[11.027,-3.302],[11.428,-2.398],[6.428,3.125]],"c":true},"ix":2},"nm":"Path 1","mn":"ADBE Vector Shape - Group","hd":false},{"ty":"fl","c":{"a":0,"k":[0.995999983245,0.952999997606,0.976000019148,1],"ix":4},"o":{"a":0,"k":100,"ix":5},"r":1,"bm":0,"nm":"Fill 1","mn":"ADBE Vector Graphic - Fill","hd":false},{"ty":"tr","p":{"a":0,"k":[75.503,196.335],"ix":2},"a":{"a":0,"k":[0,0],"ix":1},"s":{"a":0,"k":[100,100],"ix":3},"r":{"a":0,"k":0,"ix":6},"o":{"a":0,"k":100,"ix":7},"sk":{"a":0,"k":0,"ix":4},"sa":{"a":0,"k":0,"ix":5},"nm":"Transform"}],"nm":"Group 18","np":2,"cix":2,"bm":0,"ix":18,"mn":"ADBE Vector Group","hd":false},{"ty":"gr","it":[{"ind":0,"ty":"sh","ix":1,"ks":{"a":0,"k":{"i":[[0.489,0],[0,0],[0.103,0.114],[0,0],[-0.468,0],[0,0],[-0.101,-0.096],[0,0]],"o":[[0,0],[-0.152,0],[0,0],[-0.315,-0.348],[0,0],[0.138,0],[0,0],[0.356,0.336]],"v":[[9.961,2.864],[-5.768,2.864],[-6.169,2.686],[-10.374,-1.96],[-9.974,-2.865],[5.052,-2.865],[5.424,-2.715],[10.333,1.93]],"c":true},"ix":2},"nm":"Path 1","mn":"ADBE Vector Shape - Group","hd":false},{"ty":"fl","c":{"a":0,"k":[0.995999983245,0.952999997606,0.976000019148,1],"ix":4},"o":{"a":0,"k":100,"ix":5},"r":1,"bm":0,"nm":"Fill 1","mn":"ADBE Vector Graphic - Fill","hd":false},{"ty":"tr","p":{"a":0,"k":[302.849,188.091],"ix":2},"a":{"a":0,"k":[0,0],"ix":1},"s":{"a":0,"k":[100,100],"ix":3},"r":{"a":0,"k":0,"ix":6},"o":{"a":0,"k":100,"ix":7},"sk":{"a":0,"k":0,"ix":4},"sa":{"a":0,"k":0,"ix":5},"nm":"Transform"}],"nm":"Group 19","np":2,"cix":2,"bm":0,"ix":19,"mn":"ADBE Vector Group","hd":false},{"ty":"gr","it":[{"ind":0,"ty":"sh","ix":1,"ks":{"a":0,"k":{"i":[[0.46,0],[0,0],[0.1,0.147],[0,0],[-0.437,0],[0,0],[-0.103,-0.122],[0,0]],"o":[[0,0],[-0.178,0],[0,0],[-0.248,-0.359],[0,0],[0.16,0],[0,0],[0.295,0.353]],"v":[[9.53,2.864],[-6.354,2.864],[-6.798,2.63],[-9.992,-2.017],[-9.546,-2.865],[5.633,-2.865],[6.048,-2.671],[9.944,1.975]],"c":true},"ix":2},"nm":"Path 1","mn":"ADBE Vector Shape - Group","hd":false},{"ty":"fl","c":{"a":0,"k":[0.995999983245,0.952999997606,0.976000019148,1],"ix":4},"o":{"a":0,"k":100,"ix":5},"r":1,"bm":0,"nm":"Fill 1","mn":"ADBE Vector Graphic - Fill","hd":false},{"ty":"tr","p":{"a":0,"k":[278.53,188.091],"ix":2},"a":{"a":0,"k":[0,0],"ix":1},"s":{"a":0,"k":[100,100],"ix":3},"r":{"a":0,"k":0,"ix":6},"o":{"a":0,"k":100,"ix":7},"sk":{"a":0,"k":0,"ix":4},"sa":{"a":0,"k":0,"ix":5},"nm":"Transform"}],"nm":"Group 20","np":2,"cix":2,"bm":0,"ix":20,"mn":"ADBE Vector Group","hd":false},{"ty":"gr","it":[{"ind":0,"ty":"sh","ix":1,"ks":{"a":0,"k":{"i":[[0.425,0],[0,0],[0.09,0.19],[0,0],[-0.396,0],[0,0],[-0.098,-0.159],[0,0]],"o":[[0,0],[-0.21,0],[0,0],[-0.169,-0.359],[0,0],[0.187,0],[0,0],[0.224,0.36]],"v":[[9.083,2.864],[-6.928,2.864],[-7.418,2.553],[-9.598,-2.092],[-9.108,-2.865],[6.2,-2.865],[6.659,-2.609],[9.543,2.038]],"c":true},"ix":2},"nm":"Path 1","mn":"ADBE Vector Shape - Group","hd":false},{"ty":"fl","c":{"a":0,"k":[0.995999983245,0.952999997606,0.976000019148,1],"ix":4},"o":{"a":0,"k":100,"ix":5},"r":1,"bm":0,"nm":"Fill 1","mn":"ADBE Vector Graphic - Fill","hd":false},{"ty":"tr","p":{"a":0,"k":[254.215,188.091],"ix":2},"a":{"a":0,"k":[0,0],"ix":1},"s":{"a":0,"k":[100,100],"ix":3},"r":{"a":0,"k":0,"ix":6},"o":{"a":0,"k":100,"ix":7},"sk":{"a":0,"k":0,"ix":4},"sa":{"a":0,"k":0,"ix":5},"nm":"Transform"}],"nm":"Group 21","np":2,"cix":2,"bm":0,"ix":21,"mn":"ADBE Vector Group","hd":false},{"ty":"gr","it":[{"ind":0,"ty":"sh","ix":1,"ks":{"a":0,"k":{"i":[[0.384,0],[0,0],[0.061,0.241],[0,0],[-0.353,0],[0,0],[-0.082,-0.204],[0,0]],"o":[[0,0],[-0.249,0],[0,0],[-0.085,-0.341],[0,0],[0.222,0],[0,0],[0.144,0.355]],"v":[[8.618,2.864],[-7.486,2.864],[-8.011,2.455],[-9.179,-2.192],[-8.653,-2.865],[6.747,-2.865],[7.249,-2.526],[9.12,2.121]],"c":true},"ix":2},"nm":"Path 1","mn":"ADBE Vector Shape - Group","hd":false},{"ty":"fl","c":{"a":0,"k":[0.995999983245,0.952999997606,0.976000019148,1],"ix":4},"o":{"a":0,"k":100,"ix":5},"r":1,"bm":0,"nm":"Fill 1","mn":"ADBE Vector Graphic - Fill","hd":false},{"ty":"tr","p":{"a":0,"k":[229.903,188.091],"ix":2},"a":{"a":0,"k":[0,0],"ix":1},"s":{"a":0,"k":[100,100],"ix":3},"r":{"a":0,"k":0,"ix":6},"o":{"a":0,"k":100,"ix":7},"sk":{"a":0,"k":0,"ix":4},"sa":{"a":0,"k":0,"ix":5},"nm":"Transform"}],"nm":"Group 22","np":2,"cix":2,"bm":0,"ix":22,"mn":"ADBE Vector Group","hd":false},{"ty":"gr","it":[{"ind":0,"ty":"sh","ix":1,"ks":{"a":0,"k":{"i":[[0.338,0],[0,0],[0.009,0.291],[0,0],[-0.305,0],[0,0],[-0.047,-0.257],[0,0]],"o":[[0,0],[-0.292,0],[0,0],[-0.009,-0.306],[0,0],[0.261,0],[0,0],[0.062,0.332]],"v":[[8.133,2.864],[-8.021,2.864],[-8.561,2.342],[-8.717,-2.305],[-8.177,-2.865],[7.275,-2.865],[7.806,-2.421],[8.664,2.225]],"c":true},"ix":2},"nm":"Path 1","mn":"ADBE Vector Shape - Group","hd":false},{"ty":"fl","c":{"a":0,"k":[0.995999983245,0.952999997606,0.976000019148,1],"ix":4},"o":{"a":0,"k":100,"ix":5},"r":1,"bm":0,"nm":"Fill 1","mn":"ADBE Vector Graphic - Fill","hd":false},{"ty":"tr","p":{"a":0,"k":[205.591,188.091],"ix":2},"a":{"a":0,"k":[0,0],"ix":1},"s":{"a":0,"k":[100,100],"ix":3},"r":{"a":0,"k":0,"ix":6},"o":{"a":0,"k":100,"ix":7},"sk":{"a":0,"k":0,"ix":4},"sa":{"a":0,"k":0,"ix":5},"nm":"Transform"}],"nm":"Group 23","np":2,"cix":2,"bm":0,"ix":23,"mn":"ADBE Vector Group","hd":false},{"ty":"gr","it":[{"ind":0,"ty":"sh","ix":1,"ks":{"a":0,"k":{"i":[[0.292,0],[0,0],[-0.061,0.332],[0,0],[-0.261,0],[0,0],[0.011,-0.306],[0,0]],"o":[[0,0],[-0.339,0],[0,0],[0.048,-0.257],[0,0],[0.306,0],[0,0],[-0.01,0.291]],"v":[[8.021,2.864],[-8.133,2.864],[-8.665,2.225],[-7.807,-2.421],[-7.276,-2.865],[8.176,-2.865],[8.715,-2.305],[8.561,2.342]],"c":true},"ix":2},"nm":"Path 1","mn":"ADBE Vector Shape - Group","hd":false},{"ty":"fl","c":{"a":0,"k":[0.995999983245,0.952999997606,0.976000019148,1],"ix":4},"o":{"a":0,"k":100,"ix":5},"r":1,"bm":0,"nm":"Fill 1","mn":"ADBE Vector Graphic - Fill","hd":false},{"ty":"tr","p":{"a":0,"k":[180.88,188.091],"ix":2},"a":{"a":0,"k":[0,0],"ix":1},"s":{"a":0,"k":[100,100],"ix":3},"r":{"a":0,"k":0,"ix":6},"o":{"a":0,"k":100,"ix":7},"sk":{"a":0,"k":0,"ix":4},"sa":{"a":0,"k":0,"ix":5},"nm":"Transform"}],"nm":"Group 24","np":2,"cix":2,"bm":0,"ix":24,"mn":"ADBE Vector Group","hd":false},{"ty":"gr","it":[{"ind":0,"ty":"sh","ix":1,"ks":{"a":0,"k":{"i":[[0.248,0],[0,0],[-0.144,0.355],[0,0],[-0.221,0],[0,0],[0.086,-0.341],[0,0]],"o":[[0,0],[-0.383,0],[0,0],[0.083,-0.204],[0,0],[0.353,0],[0,0],[-0.06,0.241]],"v":[[7.486,2.864],[-8.618,2.864],[-9.119,2.121],[-7.249,-2.526],[-6.747,-2.865],[8.654,-2.865],[9.178,-2.192],[8.011,2.455]],"c":true},"ix":2},"nm":"Path 1","mn":"ADBE Vector Shape - Group","hd":false},{"ty":"fl","c":{"a":0,"k":[0.995999983245,0.952999997606,0.976000019148,1],"ix":4},"o":{"a":0,"k":100,"ix":5},"r":1,"bm":0,"nm":"Fill 1","mn":"ADBE Vector Graphic - Fill","hd":false},{"ty":"tr","p":{"a":0,"k":[156.568,188.091],"ix":2},"a":{"a":0,"k":[0,0],"ix":1},"s":{"a":0,"k":[100,100],"ix":3},"r":{"a":0,"k":0,"ix":6},"o":{"a":0,"k":100,"ix":7},"sk":{"a":0,"k":0,"ix":4},"sa":{"a":0,"k":0,"ix":5},"nm":"Transform"}],"nm":"Group 25","np":2,"cix":2,"bm":0,"ix":25,"mn":"ADBE Vector Group","hd":false},{"ty":"gr","it":[{"ind":0,"ty":"sh","ix":1,"ks":{"a":0,"k":{"i":[[0.21,0],[0,0],[-0.224,0.36],[0,0],[-0.186,0],[0,0],[0.168,-0.359],[0,0]],"o":[[0,0],[-0.424,0],[0,0],[0.1,-0.159],[0,0],[0.396,0],[0,0],[-0.089,0.19]],"v":[[6.929,2.864],[-9.084,2.864],[-9.542,2.038],[-6.66,-2.609],[-6.2,-2.865],[9.109,-2.865],[9.598,-2.092],[7.417,2.553]],"c":true},"ix":2},"nm":"Path 1","mn":"ADBE Vector Shape - Group","hd":false},{"ty":"fl","c":{"a":0,"k":[0.995999983245,0.952999997606,0.976000019148,1],"ix":4},"o":{"a":0,"k":100,"ix":5},"r":1,"bm":0,"nm":"Fill 1","mn":"ADBE Vector Graphic - Fill","hd":false},{"ty":"tr","p":{"a":0,"k":[132.254,188.091],"ix":2},"a":{"a":0,"k":[0,0],"ix":1},"s":{"a":0,"k":[100,100],"ix":3},"r":{"a":0,"k":0,"ix":6},"o":{"a":0,"k":100,"ix":7},"sk":{"a":0,"k":0,"ix":4},"sa":{"a":0,"k":0,"ix":5},"nm":"Transform"}],"nm":"Group 26","np":2,"cix":2,"bm":0,"ix":26,"mn":"ADBE Vector Group","hd":false},{"ty":"gr","it":[{"ind":0,"ty":"sh","ix":1,"ks":{"a":0,"k":{"i":[[0.178,0],[0,0],[-0.296,0.353],[0,0],[-0.16,0],[0,0],[0.246,-0.359],[0,0]],"o":[[0,0],[-0.46,0],[0,0],[0.102,-0.122],[0,0],[0.436,0],[0,0],[-0.1,0.147]],"v":[[6.355,2.864],[-9.529,2.864],[-9.943,1.975],[-6.046,-2.671],[-5.633,-2.865],[9.547,-2.865],[9.993,-2.017],[6.799,2.63]],"c":true},"ix":2},"nm":"Path 1","mn":"ADBE Vector Shape - Group","hd":false},{"ty":"fl","c":{"a":0,"k":[0.995999983245,0.952999997606,0.976000019148,1],"ix":4},"o":{"a":0,"k":100,"ix":5},"r":1,"bm":0,"nm":"Fill 1","mn":"ADBE Vector Graphic - Fill","hd":false},{"ty":"tr","p":{"a":0,"k":[107.939,188.091],"ix":2},"a":{"a":0,"k":[0,0],"ix":1},"s":{"a":0,"k":[100,100],"ix":3},"r":{"a":0,"k":0,"ix":6},"o":{"a":0,"k":100,"ix":7},"sk":{"a":0,"k":0,"ix":4},"sa":{"a":0,"k":0,"ix":5},"nm":"Transform"}],"nm":"Group 27","np":2,"cix":2,"bm":0,"ix":27,"mn":"ADBE Vector Group","hd":false},{"ty":"gr","it":[{"ind":0,"ty":"sh","ix":1,"ks":{"a":0,"k":{"i":[[0.152,0],[0,0],[-0.355,0.336],[0,0],[-0.138,0],[0,0],[0.315,-0.348],[0,0]],"o":[[0,0],[-0.49,0],[0,0],[0.099,-0.096],[0,0],[0.47,0],[0,0],[-0.102,0.114]],"v":[[5.768,2.864],[-9.962,2.864],[-10.334,1.93],[-5.424,-2.715],[-5.053,-2.865],[9.973,-2.865],[10.374,-1.96],[6.168,2.686]],"c":true},"ix":2},"nm":"Path 1","mn":"ADBE Vector Shape - Group","hd":false},{"ty":"fl","c":{"a":0,"k":[0.995999983245,0.952999997606,0.976000019148,1],"ix":4},"o":{"a":0,"k":100,"ix":5},"r":1,"bm":0,"nm":"Fill 1","mn":"ADBE Vector Graphic - Fill","hd":false},{"ty":"tr","p":{"a":0,"k":[83.622,188.091],"ix":2},"a":{"a":0,"k":[0,0],"ix":1},"s":{"a":0,"k":[100,100],"ix":3},"r":{"a":0,"k":0,"ix":6},"o":{"a":0,"k":100,"ix":7},"sk":{"a":0,"k":0,"ix":4},"sa":{"a":0,"k":0,"ix":5},"nm":"Transform"}],"nm":"Group 28","np":2,"cix":2,"bm":0,"ix":28,"mn":"ADBE Vector Group","hd":false},{"ty":"gr","it":[{"ind":0,"ty":"sh","ix":1,"ks":{"a":0,"k":{"i":[[7.661,0],[0,0],[0,7.66],[0,0],[0,0],[0,0]],"o":[[0,0],[-7.661,0],[0,0],[0,0],[0,0],[0,7.66]],"v":[[180.344,8.382],[-180.344,8.382],[-194.215,-5.489],[-194.215,-8.382],[194.215,-8.382],[194.215,-5.489]],"c":true},"ix":2},"nm":"Path 1","mn":"ADBE Vector Shape - Group","hd":false},{"ty":"fl","c":{"a":0,"k":[0.219999994016,0.059000000299,0.560999971278,1],"ix":4},"o":{"a":0,"k":100,"ix":5},"r":1,"bm":0,"nm":"Fill 1","mn":"ADBE Vector Graphic - Fill","hd":false},{"ty":"tr","p":{"a":0,"k":[194.465,231.503],"ix":2},"a":{"a":0,"k":[0,0],"ix":1},"s":{"a":0,"k":[100,100],"ix":3},"r":{"a":0,"k":0,"ix":6},"o":{"a":0,"k":100,"ix":7},"sk":{"a":0,"k":0,"ix":4},"sa":{"a":0,"k":0,"ix":5},"nm":"Transform"}],"nm":"Group 29","np":2,"cix":2,"bm":0,"ix":29,"mn":"ADBE Vector Group","hd":false},{"ty":"gr","it":[{"ind":0,"ty":"sh","ix":1,"ks":{"a":0,"k":{"i":[[0,0],[0,0],[0,0],[0,0]],"o":[[0,0],[0,0],[0,0],[0,0]],"v":[[194.215,22.046],[-194.215,22.046],[-142.079,-22.046],[142.079,-22.046]],"c":true},"ix":2},"nm":"Path 1","mn":"ADBE Vector Shape - Group","hd":false},{"ty":"fl","c":{"a":0,"k":[0.654999976065,0.588000009574,1,1],"ix":4},"o":{"a":0,"k":100,"ix":5},"r":1,"bm":0,"nm":"Fill 1","mn":"ADBE Vector Graphic - Fill","hd":false},{"ty":"tr","p":{"a":0,"k":[194.465,201.076],"ix":2},"a":{"a":0,"k":[0,0],"ix":1},"s":{"a":0,"k":[100,100],"ix":3},"r":{"a":0,"k":0,"ix":6},"o":{"a":0,"k":100,"ix":7},"sk":{"a":0,"k":0,"ix":4},"sa":{"a":0,"k":0,"ix":5},"nm":"Transform"}],"nm":"Group 30","np":2,"cix":2,"bm":0,"ix":30,"mn":"ADBE Vector Group","hd":false},{"ty":"gr","it":[{"ind":0,"ty":"sh","ix":1,"ks":{"a":0,"k":{"i":[[0,0],[0,0],[0,0],[0,0]],"o":[[0,0],[0,0],[0,0],[0,0]],"v":[[128.592,75.127],[-128.592,75.127],[-128.592,-75.127],[128.592,-75.127]],"c":true},"ix":2},"nm":"Path 1","mn":"ADBE Vector Shape - Group","hd":false},{"ty":"fl","c":{"a":0,"k":[0.522000002394,0.313999998803,0.987999949736,1],"ix":4},"o":{"a":0,"k":100,"ix":5},"r":1,"bm":0,"nm":"Fill 1","mn":"ADBE Vector Graphic - Fill","hd":false},{"ty":"tr","p":{"a":0,"k":[194.464,88.468],"ix":2},"a":{"a":0,"k":[0,0],"ix":1},"s":{"a":0,"k":[100,100],"ix":3},"r":{"a":0,"k":0,"ix":6},"o":{"a":0,"k":100,"ix":7},"sk":{"a":0,"k":0,"ix":4},"sa":{"a":0,"k":0,"ix":5},"nm":"Transform"}],"nm":"Group 31","np":2,"cix":2,"bm":0,"ix":31,"mn":"ADBE Vector Group","hd":false},{"ty":"gr","it":[{"ind":0,"ty":"sh","ix":1,"ks":{"a":0,"k":{"i":[[0,0],[0,0],[0,0],[-7.76,0],[0,0],[0,-7.76]],"o":[[0,0],[0,0],[0,-7.76],[0,0],[7.761,0],[0,0]],"v":[[142.079,89.39],[-142.079,89.39],[-142.079,-75.339],[-128.028,-89.39],[128.027,-89.39],[142.079,-75.339]],"c":true},"ix":2},"nm":"Path 1","mn":"ADBE Vector Shape - Group","hd":false},{"ty":"fl","c":{"a":0,"k":[0.219999994016,0.059000000299,0.560999971278,1],"ix":4},"o":{"a":0,"k":100,"ix":5},"r":1,"bm":0,"nm":"Fill 1","mn":"ADBE Vector Graphic - Fill","hd":false},{"ty":"tr","p":{"a":0,"k":[194.465,89.64],"ix":2},"a":{"a":0,"k":[0,0],"ix":1},"s":{"a":0,"k":[100,100],"ix":3},"r":{"a":0,"k":0,"ix":6},"o":{"a":0,"k":100,"ix":7},"sk":{"a":0,"k":0,"ix":4},"sa":{"a":0,"k":0,"ix":5},"nm":"Transform"}],"nm":"Group 32","np":2,"cix":2,"bm":0,"ix":32,"mn":"ADBE Vector Group","hd":false}],"ip":0,"op":480,"st":0,"bm":0},{"ddd":0,"ind":6,"ty":4,"nm":"Layer 10 Outlines","sr":1,"ks":{"o":{"a":0,"k":100,"ix":11},"r":{"a":0,"k":0,"ix":10},"p":{"a":0,"k":[524.898,423.89,0],"ix":2},"a":{"a":0,"k":[53.504,75.107,0],"ix":1},"s":{"a":0,"k":[100,100,100],"ix":6}},"ao":0,"shapes":[{"ty":"gr","it":[{"ind":0,"ty":"sh","ix":1,"ks":{"a":0,"k":{"i":[[0,0],[-3.805,1.865],[-3.646,2.171],[-7.076,4.709],[-7.3,4.4],[-3.758,2.019],[-3.92,1.679],[0,0],[7.124,-4.622],[7.185,-4.559],[7.44,-4.163],[3.892,-1.748],[4.166,-0.927]],"o":[[4.111,-1.056],[3.809,-1.861],[7.303,-4.323],[7.081,-4.703],[3.647,-2.203],[3.749,-2.031],[0,0],[-7.312,4.362],[-7.11,4.636],[-7.195,4.54],[-3.73,2.061],[-3.884,1.751],[0,0]],"v":[[-44.249,25.079],[-32.395,20.533],[-21.237,14.425],[0.231,0.708],[21.572,-13.302],[32.657,-19.677],[44.156,-25.279],[44.249,-25.096],[22.665,-11.559],[1.128,2.089],[-20.726,15.317],[-32.135,21.093],[-44.203,25.279]],"c":true},"ix":2},"nm":"Path 1","mn":"ADBE Vector Shape - Group","hd":false},{"ty":"fl","c":{"a":0,"k":[0.991999966491,0.917999985639,0.694000004787,1],"ix":4},"o":{"a":0,"k":100,"ix":5},"r":1,"bm":0,"nm":"Fill 1","mn":"ADBE Vector Graphic - Fill","hd":false},{"ty":"tr","p":{"a":0,"k":[1.886,115.161],"ix":2},"a":{"a":0,"k":[-46,0],"ix":1},"s":{"a":0,"k":[100,100],"ix":3},"r":{"a":1,"k":[{"i":{"x":[0.667],"y":[1]},"o":{"x":[0.333],"y":[0]},"t":0,"s":[-2]},{"t":58,"s":[2]}],"ix":6,"x":"var $bm_rt;\n$bm_rt = loopOut('pingpong');"},"o":{"a":0,"k":100,"ix":7},"sk":{"a":0,"k":0,"ix":4},"sa":{"a":0,"k":0,"ix":5},"nm":"Transform"}],"nm":"Group 1","np":2,"cix":2,"bm":0,"ix":1,"mn":"ADBE Vector Group","hd":false},{"ty":"gr","it":[{"ind":0,"ty":"sh","ix":1,"ks":{"a":0,"k":{"i":[[0,0],[-4.128,-0.265],[-4.452,7.198],[0,0],[-5.385,1.494],[0,0],[5.442,-0.537],[0,0],[-3.201,5.166],[6.27,-2.059],[0,0],[-2.882,5.19],[7.728,-7.156],[0,0],[-1.356,4.583],[8.517,-11.105],[0,0],[0,0],[-13.136,8.86]],"o":[[11.575,3.757],[7.295,-5.864],[-15.086,2.496],[9.529,2.61],[10.427,-18.364],[-6.344,-0.002],[-6.262,7.698],[1.795,-5.608],[-7.879,0.968],[-6.678,7.659],[1.711,-6.866],[-10.698,4.23],[-3.49,8.063],[0.328,-3.973],[-8.461,8.473],[0,0],[0,0],[23.635,3.9],[-3.811,-4.242]],"v":[[0.619,14.93],[20.948,21.325],[38.416,1.196],[14.644,-0.83],[40.263,-1.928],[53.253,-38.441],[35.609,-37.628],[23.068,-19.189],[32.229,-37.251],[11.109,-32.682],[-3.417,-9.313],[6.141,-30.887],[-20.877,-13.632],[-27.048,3.049],[-24.152,-10.475],[-48.725,19.144],[-53.253,30.493],[-37.946,34.544],[16.474,24.629]],"c":true},"ix":2},"nm":"Path 1","mn":"ADBE Vector Shape - Group","hd":false},{"ty":"fl","c":{"a":0,"k":[1,0.811920166016,0.281982421875,1],"ix":4},"o":{"a":0,"k":100,"ix":5},"r":1,"bm":0,"nm":"Fill 1","mn":"ADBE Vector Graphic - Fill","hd":false},{"ty":"tr","p":{"a":0,"k":[-1.497,111.521],"ix":2},"a":{"a":0,"k":[-55,0],"ix":1},"s":{"a":0,"k":[100,100],"ix":3},"r":{"a":1,"k":[{"i":{"x":[0.667],"y":[1]},"o":{"x":[0.333],"y":[0]},"t":0,"s":[-2]},{"t":58,"s":[2]}],"ix":6,"x":"var $bm_rt;\n$bm_rt = loopOut('pingpong');"},"o":{"a":0,"k":100,"ix":7},"sk":{"a":0,"k":0,"ix":4},"sa":{"a":0,"k":0,"ix":5},"nm":"Transform"}],"nm":"Group 2","np":2,"cix":2,"bm":0,"ix":2,"mn":"ADBE Vector Group","hd":false},{"ty":"gr","it":[{"ind":0,"ty":"sh","ix":1,"ks":{"a":0,"k":{"i":[[-1.926,6.004],[-1.829,6.019],[-2.08,5.957],[0,0],[1.167,-2.936],[1.024,-2.987],[1.779,-6.043],[2.094,-5.93],[1.286,-2.868],[1.855,-2.548],[0,0],[-1.383,2.84],[-1.142,2.944]],"o":[[1.91,-6.01],[1.845,-6.016],[0,0],[-1.438,2.815],[-1.178,2.933],[-2.055,5.972],[-1.775,6.045],[-1.039,2.967],[-1.281,2.867],[0,0],[1.949,-2.5],[1.389,-2.842],[2.252,-5.903]],"v":[[-2.126,7.688],[3.609,-10.317],[9.426,-28.28],[9.282,-28.341],[5.395,-19.694],[2.124,-10.8],[-3.32,7.319],[-8.984,25.331],[-12.428,34.107],[-17.038,42.314],[-16.913,42.408],[-12.002,34.304],[-8.251,25.601]],"c":true},"ix":2},"nm":"Path 1","mn":"ADBE Vector Shape - Group","hd":false},{"ind":1,"ty":"sh","ix":2,"ks":{"a":0,"k":{"i":[[0,0],[8.046,-4.62],[0,0],[0,0],[-0.728,8.859],[-1.759,-2.433],[1.938,6.274],[-4.099,7.481],[-2.379,-4.748],[-0.099,7.549],[-4.073,4.278],[-1.713,-4.065],[0.161,7.374],[-3.661,2.995],[-2.986,-15.461],[4.854,-4.663],[-7.482,8.56],[1.334,-6.81],[7.644,-5.524],[-4.28,-0.634],[3.054,-5.612],[0,0]],"o":[[-4.485,7.257],[0,0],[0,0],[-0.53,-10.394],[1.465,3.27],[0,0],[0.95,-7.757],[0.881,4.34],[0,0],[2.608,-4.144],[0.684,4.477],[0,0],[2.876,-2.88],[0,0],[-2.375,3.4],[0,0],[0.96,6.233],[-2.511,1.798],[0,0],[-1.291,4.503],[0,0],[0,0]],"v":[[11.344,21.133],[-7.305,40.025],[-18.122,44.932],[-21.075,36.281],[-21.416,7.68],[-16.456,16.807],[-21.074,4.323],[-13.945,-18.342],[-8.883,-1.449],[-11.958,-21.718],[-5.989,-29.49],[-2.42,-14.8],[-4.223,-31.302],[9.535,-44.932],[18.618,-24.977],[9.264,-12.16],[19.084,-22.313],[20.811,-2.071],[7.714,6.088],[19.85,1.939],[13.394,17.606],[4.869,24.137]],"c":true},"ix":2},"nm":"Path 2","mn":"ADBE Vector Shape - Group","hd":false},{"ind":2,"ty":"sh","ix":3,"ks":{"a":0,"k":{"i":[[0,0],[0.694,-1.126]],"o":[[-0.615,1.129],[0,0]],"v":[[13.368,17.651],[11.404,21.036]],"c":true},"ix":2},"nm":"Path 3","mn":"ADBE Vector Shape - Group","hd":false},{"ty":"mm","mm":1,"nm":"Merge Paths 1","mn":"ADBE Vector Filter - Merge","hd":false},{"ty":"fl","c":{"a":0,"k":[0.987999949736,0.556999954523,0.325,1],"ix":4},"o":{"a":0,"k":100,"ix":5},"r":1,"bm":0,"nm":"Fill 1","mn":"ADBE Vector Graphic - Fill","hd":false},{"ty":"tr","p":{"a":0,"k":[32.261,45.182],"ix":2},"a":{"a":0,"k":[0,0],"ix":1},"s":{"a":0,"k":[100,100],"ix":3},"r":{"a":1,"k":[{"i":{"x":[0.667],"y":[1]},"o":{"x":[0.333],"y":[0]},"t":0,"s":[5]},{"t":58,"s":[-5]}],"ix":6,"x":"var $bm_rt;\n$bm_rt = loopOut('pingpong');"},"o":{"a":0,"k":100,"ix":7},"sk":{"a":0,"k":0,"ix":4},"sa":{"a":0,"k":0,"ix":5},"nm":"Transform"}],"nm":"Group 3","np":5,"cix":2,"bm":0,"ix":3,"mn":"ADBE Vector Group","hd":false},{"ty":"gr","it":[{"ind":0,"ty":"sh","ix":1,"ks":{"a":0,"k":{"i":[[5.261,-6.722],[2.925,-3.113],[3.513,-2.449],[0,0],[-2.798,3.191],[-2.525,3.415],[-4.701,7.094],[-5.035,6.89],[-2.692,3.316],[-2.979,3.061],[0,0],[4.781,-7.031],[4.863,-6.995]],"o":[[-2.648,3.345],[-2.917,3.115],[0,0],[3.41,-2.548],[2.803,-3.189],[5.069,-6.819],[4.707,-7.091],[2.513,-3.446],[2.677,-3.325],[0,0],[-5.063,6.859],[-4.762,7.039],[-4.88,6.983]],"v":[[-13.15,22.198],[-21.463,31.935],[-31.034,40.436],[-31.158,40.266],[-21.932,31.511],[-13.988,21.557],[0.505,0.567],[14.76,-20.65],[22.529,-30.825],[30.996,-40.436],[31.158,-40.299],[16.484,-19.433],[1.9,1.518]],"c":true},"ix":2},"nm":"Path 1","mn":"ADBE Vector Shape - Group","hd":false},{"ty":"fl","c":{"a":0,"k":[0.470999983245,0.383999992819,0.925,1],"ix":4},"o":{"a":0,"k":100,"ix":5},"r":1,"bm":0,"nm":"Fill 1","mn":"ADBE Vector Graphic - Fill","hd":false},{"ty":"tr","p":{"a":0,"k":[53.503,67.031],"ix":2},"a":{"a":0,"k":[0,0],"ix":1},"s":{"a":0,"k":[100,100],"ix":3},"r":{"a":1,"k":[{"i":{"x":[0.667],"y":[1]},"o":{"x":[0.167],"y":[0]},"t":0,"s":[-2]},{"t":58,"s":[2]}],"ix":6,"x":"var $bm_rt;\n$bm_rt = loopOut('pingpong');"},"o":{"a":0,"k":100,"ix":7},"sk":{"a":0,"k":0,"ix":4},"sa":{"a":0,"k":0,"ix":5},"nm":"Transform"}],"nm":"Group 4","np":2,"cix":2,"bm":0,"ix":4,"mn":"ADBE Vector Group","hd":false},{"ty":"gr","it":[{"ind":0,"ty":"sh","ix":1,"ks":{"a":0,"k":{"i":[[0,0],[0,0],[-3.462,5.298],[0,0],[-3.959,1.32],[-1.247,8.429],[0,0],[-4.421,3.442],[0,0],[4.86,-2.569],[0,0],[-0.901,6.052],[5.019,-4.308],[0,0],[-0.594,5.953],[4.32,-9.633],[0,0],[0.587,4.805],[3.462,-13.628],[0,0],[0,0],[-8.683,7.578]],"o":[[0,0],[6.182,-6.027],[-5.271,-2.524],[12.071,-4.082],[4.439,-8.258],[-13.069,8.064],[8.126,-4.083],[2.312,-21.148],[-5.921,2.406],[-2.733,9.582],[-0.59,-5.931],[-6.962,3.898],[-3.138,9.704],[-1.178,-7.077],[-8.274,8.022],[0,8.872],[-1.298,-3.844],[-4.472,11.144],[0,0],[0,0],[12.228,-2.755],[0,0]],"v":[[-0.659,34.809],[12.948,29.779],[27.532,12.131],[10.212,12.648],[30.371,7.339],[36.215,-19.477],[19.489,-10.289],[36.677,-23.102],[32.912,-52.482],[9.717,-40.377],[5.462,-18.356],[6.714,-38.741],[-4.09,-31.09],[-8.205,-3.701],[-8.001,-27.525],[-26.242,-1.114],[-25.263,16.843],[-28.024,3.083],[-38.989,40.138],[-38.629,52.482],[-22.709,50.461],[8.898,33.515]],"c":true},"ix":2},"nm":"Path 1","mn":"ADBE Vector Shape - Group","hd":false},{"ty":"fl","c":{"a":0,"k":[0.654999976065,0.588000009574,1,1],"ix":4},"o":{"a":0,"k":100,"ix":5},"r":1,"bm":0,"nm":"Fill 1","mn":"ADBE Vector Graphic - Fill","hd":false},{"ty":"tr","p":{"a":0,"k":[58.531,57.763],"ix":2},"a":{"a":0,"k":[0,0],"ix":1},"s":{"a":0,"k":[100,100],"ix":3},"r":{"a":1,"k":[{"i":{"x":[0.667],"y":[1]},"o":{"x":[0.333],"y":[0]},"t":0,"s":[-2]},{"t":58,"s":[2]}],"ix":6,"x":"var $bm_rt;\n$bm_rt = loopOut('pingpong');"},"o":{"a":0,"k":100,"ix":7},"sk":{"a":0,"k":0,"ix":4},"sa":{"a":0,"k":0,"ix":5},"nm":"Transform"}],"nm":"Group 5","np":2,"cix":2,"bm":0,"ix":5,"mn":"ADBE Vector Group","hd":false},{"ty":"gr","it":[{"ind":0,"ty":"sh","ix":1,"ks":{"a":0,"k":{"i":[[0,0],[-1.245,1.211]],"o":[[1.344,-1.176],[0,0]],"v":[[-1.942,1.792],[1.942,-1.792]],"c":true},"ix":2},"nm":"Path 1","mn":"ADBE Vector Shape - Group","hd":false},{"ty":"fl","c":{"a":0,"k":[0.654999976065,0.588000009574,1,1],"ix":4},"o":{"a":0,"k":100,"ix":5},"r":1,"bm":0,"nm":"Fill 1","mn":"ADBE Vector Graphic - Fill","hd":false},{"ty":"tr","p":{"a":0,"k":[69.488,89.383],"ix":2},"a":{"a":0,"k":[0,0],"ix":1},"s":{"a":0,"k":[100,100],"ix":3},"r":{"a":1,"k":[{"i":{"x":[0.667],"y":[1]},"o":{"x":[0.167],"y":[0]},"t":0,"s":[-2]},{"t":58,"s":[2]}],"ix":6,"x":"var $bm_rt;\n$bm_rt = loopOut('pingpong');"},"o":{"a":0,"k":100,"ix":7},"sk":{"a":0,"k":0,"ix":4},"sa":{"a":0,"k":0,"ix":5},"nm":"Transform"}],"nm":"Group 6","np":2,"cix":2,"bm":0,"ix":6,"mn":"ADBE Vector Group","hd":false}],"ip":0,"op":480,"st":0,"bm":0},{"ddd":0,"ind":7,"ty":4,"nm":"Design Outlines","sr":1,"ks":{"o":{"a":0,"k":100,"ix":11},"r":{"a":0,"k":0,"ix":10},"p":{"a":0,"k":[171.549,413.431,0],"ix":2},"a":{"a":0,"k":[63.463,93.578,0],"ix":1},"s":{"a":0,"k":[100,100,100],"ix":6}},"ao":0,"shapes":[{"ty":"gr","it":[{"ind":0,"ty":"sh","ix":1,"ks":{"a":0,"k":{"i":[[0,0],[3.779,4.415],[4.094,4.066],[8.559,7.678],[8.264,8.117],[3.95,4.284],[3.595,4.653],[0,0],[-8.47,-7.78],[-8.415,-7.89],[-8.026,-8.411],[-3.668,-4.585],[-2.76,-5.316]],"o":[[-2.898,-5.186],[-3.776,-4.425],[-8.17,-8.155],[-8.552,-7.683],[-4.135,-4.054],[-3.962,-4.268],[0,0],[8.222,8.151],[8.481,7.754],[8.396,7.912],[3.992,4.228],[3.67,4.574],[0,0]],"v":[[48.121,49.886],[37.909,35.584],[26.039,22.91],[0.776,-0.628],[-24.799,-23.861],[-36.971,-36.319],[-48.35,-49.679],[-48.159,-49.886],[-23.073,-26.113],[2.132,-2.453],[26.941,21.823],[38.498,34.985],[48.35,49.737]],"c":true},"ix":2},"nm":"Path 1","mn":"ADBE Vector Shape - Group","hd":false},{"ty":"fl","c":{"a":0,"k":[0.470999983245,0.383999992819,0.925,1],"ix":4},"o":{"a":0,"k":100,"ix":5},"r":1,"bm":0,"nm":"Fill 1","mn":"ADBE Vector Graphic - Fill","hd":false},{"ty":"tr","p":{"a":0,"k":[75.049,184.64],"ix":2},"a":{"a":0,"k":[0,51.5],"ix":1},"s":{"a":0,"k":[100,100],"ix":3},"r":{"a":1,"k":[{"i":{"x":[0.833],"y":[1]},"o":{"x":[0.333],"y":[0]},"t":0,"s":[5]},{"t":60,"s":[-5]}],"ix":6,"x":"var $bm_rt;\n$bm_rt = loopOut('pingpong');"},"o":{"a":0,"k":100,"ix":7},"sk":{"a":0,"k":0,"ix":4},"sa":{"a":0,"k":0,"ix":5},"nm":"Transform"}],"nm":"Group 1","np":2,"cix":2,"bm":0,"ix":1,"mn":"ADBE Vector Group","hd":false},{"ty":"gr","it":[{"ind":0,"ty":"sh","ix":1,"ks":{"a":0,"k":{"i":[[0,0],[1.276,5.778],[10.611,3.002],[0,0],[3.934,6.743],[0,0],[-2.777,-7.235],[0,0],[7.619,2.164],[-4.975,-7.715],[0,0],[7.525,1.716],[-11.832,-7.514],[0,0],[6.181,-0.119],[-17.01,-6.893],[0,0],[0,0],[16.034,14.2]],"o":[[0.142,-17.505],[-10.067,-7.479],[8.939,19.623],[-0.479,-14.2],[-26.71,-6.381],[2.46,8.704],[11.93,5.269],[-7.616,-0.043],[4.254,10.395],[12.044,5.858],[-9.137,0.617],[9.375,12.854],[11.304,1.309],[-5.031,1.265],[13.741,7.951],[0,0],[0,0],[-4.366,-34.115],[-3.755,7.061]],"v":[[23.09,-6.851],[23.085,-37.507],[-8.537,-52.785],[-1.807,-19.294],[-13.109,-53.969],[-63.213,-56.033],[-55.357,-32.174],[-27.735,-22.926],[-53.581,-27.7],[-39.742,-0.691],[-5.264,9.154],[-35.599,5.351],[-3.812,34.975],[19.169,36.242],[1.355,38.108],[47.447,59.039],[63.213,60.351],[62.269,37.601],[28.902,-32.795]],"c":true},"ix":2},"nm":"Path 1","mn":"ADBE Vector Shape - Group","hd":false},{"ty":"fl","c":{"a":0,"k":[0.654999976065,0.588000009574,1,1],"ix":4},"o":{"a":0,"k":100,"ix":5},"r":1,"bm":0,"nm":"Fill 1","mn":"ADBE Vector Graphic - Fill","hd":false},{"ty":"tr","p":{"a":0,"k":[63.463,192.056],"ix":2},"a":{"a":0,"k":[0,65.5],"ix":1},"s":{"a":0,"k":[100,100],"ix":3},"r":{"a":1,"k":[{"i":{"x":[0.833],"y":[1]},"o":{"x":[0.333],"y":[0]},"t":0,"s":[5]},{"t":60,"s":[-5]}],"ix":6,"x":"var $bm_rt;\n$bm_rt = loopOut('pingpong');"},"o":{"a":0,"k":100,"ix":7},"sk":{"a":0,"k":0,"ix":4},"sa":{"a":0,"k":0,"ix":5},"nm":"Transform"}],"nm":"Group 2","np":2,"cix":2,"bm":0,"ix":2,"mn":"ADBE Vector Group","hd":false},{"ty":"gr","it":[{"ind":0,"ty":"sh","ix":1,"ks":{"a":0,"k":{"i":[[-4.53,-8.414],[-1.924,-4.416],[-1.084,-4.76],[0,0],[2.044,4.313],[2.354,4.119],[5.083,7.977],[4.769,8.246],[2.2,4.253],[1.855,4.452],[0,0],[-4.994,-8.036],[-4.931,-8.108]],"o":[[2.243,4.22],[1.929,4.408],[0,0],[-1.215,-4.692],[-2.04,-4.318],[-4.69,-8.253],[-5.077,-7.984],[-2.388,-4.12],[-2.213,-4.243],[0,0],[4.731,8.263],[5.009,8.019],[4.912,8.121]],"v":[[16.465,23.316],[22.78,36.241],[27.474,49.979],[27.268,50.038],[22.21,36.56],[15.557,23.935],[0.725,-0.289],[-14.407,-24.357],[-21.334,-36.889],[-27.474,-49.924],[-27.287,-50.038],[-12.638,-25.673],[2.126,-1.368]],"c":true},"ix":2},"nm":"Path 1","mn":"ADBE Vector Shape - Group","hd":false},{"ty":"fl","c":{"a":0,"k":[0.995999983245,0.952999997606,0.976000019148,1],"ix":4},"o":{"a":0,"k":100,"ix":5},"r":1,"bm":0,"nm":"Fill 1","mn":"ADBE Vector Graphic - Fill","hd":false},{"ty":"tr","p":{"a":0,"k":[85.561,121.503],"ix":2},"a":{"a":0,"k":[0,52],"ix":1},"s":{"a":0,"k":[100,100],"ix":3},"r":{"a":1,"k":[{"i":{"x":[0.833],"y":[1]},"o":{"x":[0.333],"y":[0]},"t":4,"s":[5]},{"t":64,"s":[-5]}],"ix":6,"x":"var $bm_rt;\n$bm_rt = loopOut('pingpong');"},"o":{"a":0,"k":100,"ix":7},"sk":{"a":0,"k":0,"ix":4},"sa":{"a":0,"k":0,"ix":5},"nm":"Transform"}],"nm":"Group 3","np":2,"cix":2,"bm":0,"ix":3,"mn":"ADBE Vector Group","hd":false},{"ty":"gr","it":[{"ind":0,"ty":"sh","ix":1,"ks":{"a":0,"k":{"i":[[0,0],[0,0],[3.813,5.907],[0,0],[-0.149,4.757],[7.579,4.877],[0,0],[1.707,6.141],[0,0],[-0.72,-6.239],[0,0],[5.44,3.508],[-2.318,-7.14],[0,0],[5.456,3.139],[-7.635,-8.644],[0,0],[4.78,1.403],[-11.741,-9.417],[0,0],[0,0],[4.13,12.408]],"o":[[0,0],[-3.541,-9.098],[-4.274,4.529],[0.401,-14.527],[-6.283,-8.19],[3.035,17.266],[-1,-10.341],[-19.307,-11.37],[0.188,7.295],[8.149,6.94],[-5.853,-1.875],[1.238,9.029],[8.122,7.421],[-7.154,-1.735],[4.698,12.16],[8.443,3.74],[-4.119,-0.242],[9.017,9.443],[0,0],[0,0],[1.72,-14.134],[0,0]],"v":[[31.187,13.831],[31.231,-2.725],[19.612,-25.637],[13.954,-7.044],[16.059,-30.669],[-7.388,-48.175],[-4.583,-26.557],[-10.675,-50.193],[-39.975,-58.585],[-36.689,-28.875],[-17.242,-15.077],[-36.198,-25],[-32.753,-10.313],[-8.145,5.601],[-30.748,-4.66],[-12.086,25.827],[5.352,32.357],[-8.724,29.487],[22.649,56.741],[34.526,61.563],[38.255,43.823],[33.348,3.146]],"c":true},"ix":2},"nm":"Path 1","mn":"ADBE Vector Shape - Group","hd":false},{"ty":"fl","c":{"a":0,"k":[1,0.811920166016,0.281982421875,1],"ix":4},"o":{"a":0,"k":100,"ix":5},"r":1,"bm":0,"nm":"Fill 1","mn":"ADBE Vector Graphic - Fill","hd":false},{"ty":"tr","p":{"a":0,"k":[118.74,121.813],"ix":2},"a":{"a":0,"k":[38.5,60],"ix":1},"s":{"a":0,"k":[100,100],"ix":3},"r":{"a":1,"k":[{"i":{"x":[0.833],"y":[1]},"o":{"x":[0.333],"y":[0]},"t":4,"s":[5]},{"t":64,"s":[-5]}],"ix":6,"x":"var $bm_rt;\n$bm_rt = loopOut('pingpong');"},"o":{"a":0,"k":100,"ix":7},"sk":{"a":0,"k":0,"ix":4},"sa":{"a":0,"k":0,"ix":5},"nm":"Transform"}],"nm":"Group 4","np":2,"cix":2,"bm":0,"ix":4,"mn":"ADBE Vector Group","hd":false}],"ip":0,"op":480,"st":0,"bm":0},{"ddd":0,"ind":8,"ty":4,"nm":"Layer 4 Outlines","sr":1,"ks":{"o":{"a":0,"k":100,"ix":11},"r":{"a":1,"k":[{"i":{"x":[0.833],"y":[0.833]},"o":{"x":[0.167],"y":[0.167]},"t":0,"s":[0]},{"t":120,"s":[-360]}],"ix":10,"x":"var $bm_rt;\n$bm_rt = loopOut('cycle');"},"p":{"a":0,"k":[295.955,294.455,0],"ix":2},"a":{"a":0,"k":[62.008,62.007,0],"ix":1},"s":{"a":0,"k":[100,100,100],"ix":6}},"ao":0,"shapes":[{"ty":"gr","it":[{"ind":0,"ty":"sh","ix":1,"ks":{"a":0,"k":{"i":[[17.08,0],[0,17.08],[-17.08,0],[0,-17.079]],"o":[[-17.08,0],[0,-17.079],[17.08,0],[0,17.08]],"v":[[0,30.925],[-30.926,-0.001],[0,-30.925],[30.926,-0.001]],"c":true},"ix":2},"nm":"Path 1","mn":"ADBE Vector Shape - Group","hd":false},{"ind":1,"ty":"sh","ix":2,"ks":{"a":0,"k":{"i":[[2.526,0],[0,0],[2.557,4.256],[0,0],[1.786,1.786],[0,0],[1.787,-1.786],[0,0],[4.943,1.234],[0,0],[2.526,0],[0,0],[0,-2.527],[0,0],[4.255,-2.557],[0,0],[1.786,-1.786],[0,0],[-1.787,-1.787],[0,0],[1.233,-4.944],[0,0],[0,-2.527],[0,0],[-2.526,0],[0,0],[-2.557,-4.256],[0,0],[-1.787,-1.787],[0,0],[-1.787,1.787],[0,0],[-4.943,-1.235],[0,0],[-2.526,0],[0,0],[0,2.526],[0,0],[-4.255,2.557],[0,0],[-1.786,1.787],[0,0],[1.786,1.788],[0,0],[-1.234,4.944],[0,0],[0,2.526],[0,0]],"o":[[0,0],[-1.234,-4.944],[0,0],[1.786,-1.787],[0,0],[-1.786,-1.786],[0,0],[-4.255,-2.557],[0,0],[0,-2.527],[0,0],[-2.526,0],[0,0],[-4.943,1.234],[0,0],[-1.787,-1.786],[0,0],[-1.787,1.786],[0,0],[-2.557,4.256],[0,0],[-2.526,0],[0,0],[0,2.526],[0,0],[1.233,4.944],[0,0],[-1.787,1.788],[0,0],[1.786,1.787],[0,0],[4.255,2.557],[0,0],[0,2.526],[0,0],[2.526,0],[0,0],[4.943,-1.235],[0,0],[1.787,1.787],[0,0],[1.786,-1.787],[0,0],[2.557,-4.256],[0,0],[2.526,0],[0,0],[0,-2.527]],"v":[[57.183,-12.413],[49.569,-12.413],[43.827,-26.271],[49.212,-31.657],[49.212,-38.127],[38.126,-49.213],[31.656,-49.213],[26.271,-43.827],[12.414,-49.57],[12.414,-57.183],[7.839,-61.757],[-7.839,-61.757],[-12.414,-57.183],[-12.414,-49.57],[-26.271,-43.827],[-31.656,-49.213],[-38.126,-49.213],[-49.212,-38.127],[-49.212,-31.657],[-43.827,-26.271],[-49.569,-12.413],[-57.183,-12.413],[-61.758,-7.838],[-61.758,7.839],[-57.183,12.413],[-49.569,12.413],[-43.827,26.271],[-49.212,31.656],[-49.212,38.127],[-38.126,49.212],[-31.656,49.212],[-26.271,43.826],[-12.414,49.571],[-12.414,57.183],[-7.839,61.757],[7.839,61.757],[12.414,57.183],[12.414,49.571],[26.271,43.826],[31.656,49.212],[38.126,49.212],[49.212,38.127],[49.212,31.656],[43.827,26.271],[49.569,12.413],[57.183,12.413],[61.758,7.839],[61.758,-7.838]],"c":true},"ix":2},"nm":"Path 2","mn":"ADBE Vector Shape - Group","hd":false},{"ty":"mm","mm":1,"nm":"Merge Paths 1","mn":"ADBE Vector Filter - Merge","hd":false},{"ty":"fl","c":{"a":0,"k":[0.654999976065,0.588000009574,1,1],"ix":4},"o":{"a":0,"k":100,"ix":5},"r":1,"bm":0,"nm":"Fill 1","mn":"ADBE Vector Graphic - Fill","hd":false},{"ty":"tr","p":{"a":0,"k":[62.008,62.008],"ix":2},"a":{"a":0,"k":[0,0],"ix":1},"s":{"a":0,"k":[100,100],"ix":3},"r":{"a":0,"k":0,"ix":6},"o":{"a":0,"k":100,"ix":7},"sk":{"a":0,"k":0,"ix":4},"sa":{"a":0,"k":0,"ix":5},"nm":"Transform"}],"nm":"Group 1","np":4,"cix":2,"bm":0,"ix":1,"mn":"ADBE Vector Group","hd":false}],"ip":0,"op":480,"st":0,"bm":0},{"ddd":0,"ind":9,"ty":4,"nm":"Layer 2 Outlines","sr":1,"ks":{"o":{"a":0,"k":100,"ix":11},"r":{"a":1,"k":[{"i":{"x":[0.833],"y":[0.833]},"o":{"x":[0.167],"y":[0.167]},"t":0,"s":[0]},{"t":120,"s":[360]}],"ix":10,"x":"var $bm_rt;\n$bm_rt = loopOut('cycle');"},"p":{"a":0,"k":[491.326,317.183,0],"ix":2},"a":{"a":0,"k":[83.155,83.155,0],"ix":1},"s":{"a":0,"k":[100,100,100],"ix":6}},"ao":0,"shapes":[{"ty":"gr","it":[{"ind":0,"ty":"sh","ix":1,"ks":{"a":0,"k":{"i":[[22.929,0],[0,22.929],[-22.928,0],[0,-22.927]],"o":[[-22.928,0],[0,-22.927],[22.929,0],[0,22.929]],"v":[[0,41.515],[-41.516,-0.001],[0,-41.516],[41.515,-0.001]],"c":true},"ix":2},"nm":"Path 1","mn":"ADBE Vector Shape - Group","hd":false},{"ind":1,"ty":"sh","ix":2,"ks":{"a":0,"k":{"i":[[3.391,0],[0,0],[3.432,5.713],[0,0],[2.399,2.398],[0,0],[2.399,-2.398],[0,0],[6.637,1.657],[0,0],[3.393,0],[0,0],[0,-3.392],[0,0],[5.713,-3.432],[0,0],[2.399,-2.398],[0,0],[-2.398,-2.398],[0,0],[1.656,-6.636],[0,0],[0,-3.392],[0,0],[-3.391,0],[0,0],[-3.432,-5.714],[0,0],[-2.398,-2.398],[0,0],[-2.399,2.398],[0,0],[-6.637,-1.657],[0,0],[-3.392,0],[0,0],[0,3.392],[0,0],[-5.713,3.432],[0,0],[-2.399,2.398],[0,0],[2.399,2.398],[0,0],[-1.657,6.638],[0,0],[0,3.391],[0,0]],"o":[[0,0],[-1.657,-6.636],[0,0],[2.399,-2.398],[0,0],[-2.399,-2.398],[0,0],[-5.713,-3.432],[0,0],[0,-3.392],[0,0],[-3.392,0],[0,0],[-6.637,1.657],[0,0],[-2.399,-2.398],[0,0],[-2.398,2.398],[0,0],[-3.432,5.713],[0,0],[-3.391,0],[0,0],[0,3.391],[0,0],[1.656,6.638],[0,0],[-2.398,2.398],[0,0],[2.399,2.398],[0,0],[5.713,3.432],[0,0],[0,3.392],[0,0],[3.393,0],[0,0],[6.637,-1.657],[0,0],[2.399,2.398],[0,0],[2.399,-2.398],[0,0],[3.432,-5.714],[0,0],[3.391,0],[0,0],[0,-3.392]],"v":[[76.763,-16.665],[66.543,-16.665],[58.835,-35.268],[66.062,-42.497],[66.062,-51.182],[51.181,-66.064],[42.495,-66.064],[35.268,-58.835],[16.663,-66.544],[16.663,-76.763],[10.521,-82.905],[-10.522,-82.905],[-16.664,-76.763],[-16.664,-66.544],[-35.268,-58.835],[-42.496,-66.064],[-51.182,-66.064],[-66.064,-51.182],[-66.064,-42.497],[-58.836,-35.268],[-66.543,-16.665],[-76.763,-16.665],[-82.905,-10.523],[-82.905,10.523],[-76.763,16.663],[-66.543,16.663],[-58.836,35.268],[-66.064,42.496],[-66.064,51.181],[-51.182,66.063],[-42.496,66.063],[-35.268,58.834],[-16.664,66.543],[-16.664,76.763],[-10.522,82.905],[10.521,82.905],[16.663,76.763],[16.663,66.543],[35.268,58.834],[42.495,66.063],[51.181,66.063],[66.062,51.181],[66.062,42.496],[58.835,35.268],[66.543,16.663],[76.763,16.663],[82.905,10.523],[82.905,-10.523]],"c":true},"ix":2},"nm":"Path 2","mn":"ADBE Vector Shape - Group","hd":false},{"ty":"mm","mm":1,"nm":"Merge Paths 1","mn":"ADBE Vector Filter - Merge","hd":false},{"ty":"fl","c":{"a":0,"k":[0.522000002394,0.313999998803,0.987999949736,1],"ix":4},"o":{"a":0,"k":100,"ix":5},"r":1,"bm":0,"nm":"Fill 1","mn":"ADBE Vector Graphic - Fill","hd":false},{"ty":"tr","p":{"a":0,"k":[83.154,83.155],"ix":2},"a":{"a":0,"k":[0,0],"ix":1},"s":{"a":0,"k":[100,100],"ix":3},"r":{"a":0,"k":0,"ix":6},"o":{"a":0,"k":100,"ix":7},"sk":{"a":0,"k":0,"ix":4},"sa":{"a":0,"k":0,"ix":5},"nm":"Transform"}],"nm":"Group 1","np":4,"cix":2,"bm":0,"ix":1,"mn":"ADBE Vector Group","hd":false}],"ip":0,"op":480,"st":0,"bm":0},{"ddd":0,"ind":10,"ty":4,"nm":"message","sr":1,"ks":{"o":{"a":0,"k":100,"ix":11},"r":{"a":0,"k":0,"ix":10},"p":{"a":1,"k":[{"i":{"x":0.667,"y":1},"o":{"x":0.333,"y":0},"t":0,"s":[504.813,129.569,0],"to":[0,5.5,0],"ti":[0,-5.5,0]},{"t":30,"s":[504.813,162.569,0]}],"ix":2,"x":"var $bm_rt;\n$bm_rt = loopOut('pingpong');"},"a":{"a":0,"k":[48.152,39.988,0],"ix":1},"s":{"a":0,"k":[100,100,100],"ix":6}},"ao":0,"shapes":[{"ty":"gr","it":[{"ind":0,"ty":"sh","ix":1,"ks":{"a":0,"k":{"i":[[0,0],[0.56,-1.707],[0,0],[0,0],[-0.448,0.45],[0,0],[0,0]],"o":[[-0.09,1.863],[0,0],[0,0],[0.494,-0.404],[0,0],[0,0],[0,0]],"v":[[17.432,13.121],[16.444,18.487],[-14.245,-12.201],[-17.432,-15.389],[-16.018,-16.669],[-14.176,-18.487],[-11.01,-15.322]],"c":true},"ix":2},"nm":"Path 1","mn":"ADBE Vector Shape - Group","hd":false},{"ty":"fl","c":{"a":0,"k":[1,1,1,1],"ix":4},"o":{"a":0,"k":100,"ix":5},"r":1,"bm":0,"nm":"Fill 1","mn":"ADBE Vector Graphic - Fill","hd":false},{"ty":"tr","p":{"a":0,"k":[78.577,47.498],"ix":2},"a":{"a":0,"k":[0,0],"ix":1},"s":{"a":0,"k":[100,100],"ix":3},"r":{"a":0,"k":0,"ix":6},"o":{"a":0,"k":100,"ix":7},"sk":{"a":0,"k":0,"ix":4},"sa":{"a":0,"k":0,"ix":5},"nm":"Transform"}],"nm":"Group 1","np":2,"cix":2,"bm":0,"ix":1,"mn":"ADBE Vector Group","hd":false},{"ty":"gr","it":[{"ind":0,"ty":"sh","ix":1,"ks":{"a":0,"k":{"i":[[0,0],[-0.494,-0.382],[0,0],[0,0],[0.09,1.863],[0,0],[0,0]],"o":[[0.449,0.449],[0,0],[0,0],[-0.561,-1.706],[0,0],[0,0],[0,0]],"v":[[16.028,-16.657],[17.443,-15.4],[14.232,-12.19],[-16.455,18.498],[-17.443,13.133],[11,-15.31],[14.187,-18.498]],"c":true},"ix":2},"nm":"Path 1","mn":"ADBE Vector Shape - Group","hd":false},{"ty":"fl","c":{"a":0,"k":[1,1,1,1],"ix":4},"o":{"a":0,"k":100,"ix":5},"r":1,"bm":0,"nm":"Fill 1","mn":"ADBE Vector Graphic - Fill","hd":false},{"ty":"tr","p":{"a":0,"k":[17.73,47.486],"ix":2},"a":{"a":0,"k":[0,0],"ix":1},"s":{"a":0,"k":[100,100],"ix":3},"r":{"a":0,"k":0,"ix":6},"o":{"a":0,"k":100,"ix":7},"sk":{"a":0,"k":0,"ix":4},"sa":{"a":0,"k":0,"ix":5},"nm":"Transform"}],"nm":"Group 2","np":2,"cix":2,"bm":0,"ix":2,"mn":"ADBE Vector Group","hd":false},{"ty":"gr","it":[{"ind":0,"ty":"sh","ix":1,"ks":{"a":0,"k":{"i":[[-0.943,-1.189],[0,0],[0.472,-0.405],[5.792,0],[4.647,3.996],[0.449,0.449],[0,0],[0,0],[-1.145,0.942],[0,0],[0,0],[-0.494,-0.382],[-7.498,6.241],[-0.449,0.45],[0,0],[0,0]],"o":[[0,0],[-0.45,0.449],[-4.647,3.996],[-5.769,0],[-0.471,-0.405],[0,0],[0,0],[0.921,-1.189],[0,0],[0,0],[0.449,0.45],[7.497,6.263],[0.495,-0.404],[0,0],[0,0],[1.168,0.942]],"v":[[43.63,-15.064],[17.567,10.999],[16.174,12.279],[-0.012,18.273],[-16.197,12.279],[-17.589,10.999],[-19.43,9.158],[-43.63,-15.064],[-40.509,-18.273],[-16.242,5.971],[-14.401,7.811],[-12.986,9.07],[12.986,9.092],[14.401,7.811],[16.242,5.993],[40.486,-18.273]],"c":true},"ix":2},"nm":"Path 1","mn":"ADBE Vector Shape - Group","hd":false},{"ty":"fl","c":{"a":0,"k":[1,1,1,1],"ix":4},"o":{"a":0,"k":100,"ix":5},"r":1,"bm":0,"nm":"Fill 1","mn":"ADBE Vector Graphic - Fill","hd":false},{"ty":"tr","p":{"a":0,"k":[48.159,23.017],"ix":2},"a":{"a":0,"k":[0,0],"ix":1},"s":{"a":0,"k":[100,100],"ix":3},"r":{"a":0,"k":0,"ix":6},"o":{"a":0,"k":100,"ix":7},"sk":{"a":0,"k":0,"ix":4},"sa":{"a":0,"k":0,"ix":5},"nm":"Transform"}],"nm":"Group 3","np":2,"cix":2,"bm":0,"ix":3,"mn":"ADBE Vector Group","hd":false},{"ty":"gr","it":[{"ind":0,"ty":"sh","ix":1,"ks":{"a":0,"k":{"i":[[11.073,0],[0,0],[0,11.072],[0,0],[-11.072,0],[0,0],[0,-11.072],[0,0]],"o":[[0,0],[-11.072,0],[0,0],[0,-11.072],[0,0],[11.073,0],[0,0],[0,11.072]],"v":[[27.853,39.738],[-27.853,39.738],[-47.902,19.689],[-47.902,-19.689],[-27.853,-39.738],[27.853,-39.738],[47.902,-19.689],[47.902,19.689]],"c":true},"ix":2},"nm":"Path 1","mn":"ADBE Vector Shape - Group","hd":false},{"ty":"fl","c":{"a":0,"k":[1,0.811950683594,0.281982421875,1],"ix":4},"o":{"a":0,"k":100,"ix":5},"r":1,"bm":0,"nm":"Fill 1","mn":"ADBE Vector Graphic - Fill","hd":false},{"ty":"tr","p":{"a":0,"k":[48.152,39.989],"ix":2},"a":{"a":0,"k":[0,0],"ix":1},"s":{"a":0,"k":[100,100],"ix":3},"r":{"a":0,"k":0,"ix":6},"o":{"a":0,"k":100,"ix":7},"sk":{"a":0,"k":0,"ix":4},"sa":{"a":0,"k":0,"ix":5},"nm":"Transform"}],"nm":"Group 4","np":2,"cix":2,"bm":0,"ix":4,"mn":"ADBE Vector Group","hd":false}],"ip":0,"op":480,"st":0,"bm":0}],"markers":[]}